loan_id,customer_id,product,currency,sanctioned_amount,outstanding,interest_rate,tenure_months,start_date,status,days_past_due,collateral_value,limit_amount
LN100141B,100141,PERSONAL,USD,19776,10292,14.8,24,2021-06-11,CURRENT,0,0,19776
LN100106C,100106,PERSONAL,INR,715905,479718,11.9,24,2023-10-27,CURRENT,0,0,715905
LN100193D,100193,PERSONAL,INR,658851,587168,12.1,18,2022-11-23,CURRENT,0,0,658851
LN100178E,100178,PERSONAL,INR,79751,55511,11.7,12,2024-08-26,CURRENT,0,0,79751
LN100100F,100100,PERSONAL,INR,649929,0,13.7,36,2024-07-08,CLOSED,0,0,649929
LN100120G,100120,PERSONAL,INR,723088,550265,13.2,24,2022-09-02,CURRENT,0,0,723088
LN100203H,100203,PERSONAL,INR,772063,485369,12.1,12,2022-11-28,CURRENT,0,0,772063
LN100176I,100176,PERSONAL,INR,377766,353296,14.1,24,2021-09-25,CURRENT,0,0,377766
LN100126J,100126,PERSONAL,INR,161341,105937,12.3,24,2021-07-18,PAST_DUE,45,0,161341
LN100170K,100170,HOME,INR,5722482,5445016,8.6,300,2025-01-16,PAST_DUE,30,8275412,5722482
LN100142L,100142,PERSONAL,INR,217082,190477,15.0,36,2023-10-16,CURRENT,0,0,217082
LN100161M,100161,HOME,INR,5798754,2205406,9.7,300,2023-10-11,CURRENT,0,6877657,5798754
LN100213N,100213,PERSONAL,INR,736041,0,12.5,36,2021-08-09,CLOSED,0,0,736041
LN100128O,100128,BUSINESS,INR,3018559,2089352,12.7,60,2022-02-03,CURRENT,0,2061581,3018559
LN100138P,100138,PERSONAL,INR,352620,239751,12.9,12,2025-08-18,CURRENT,0,0,352620
LN100151Q,100151,PERSONAL,INR,763449,0,12.0,12,2023-02-04,CLOSED,0,0,763449
LN100181R,100181,PERSONAL,INR,405556,293053,14.1,24,2021-03-24,PAST_DUE,60,0,405556
LN100218S,100218,HOME,INR,3649544,2226608,9.5,240,2024-06-09,PAST_DUE,60,4772629,3649544
LN100121T,100121,BUSINESS,INR,4096341,2637666,12.1,60,2024-02-27,CURRENT,0,3087238,4096341
LN100194U,100194,PERSONAL,INR,67445,0,12.7,24,2023-05-04,CLOSED,0,0,67445
LN100148V,100148,PERSONAL,INR,771466,684019,13.6,12,2025-05-09,PAST_DUE,90,0,771466
LN100102W,100102,PERSONAL,INR,288596,248223,13.5,12,2025-05-06,PAST_DUE,90,0,288596
LN100160X,100160,PERSONAL,INR,204954,85248,11.6,18,2021-02-08,CURRENT,0,0,204954
LN100196Y,100196,PERSONAL,INR,483020,435835,12.9,18,2025-02-15,CURRENT,0,0,483020
LN100124Z,100124,PERSONAL,INR,790058,749665,13.3,18,2023-09-07,CURRENT,0,0,790058
LN100113A,100113,PERSONAL,USD,39939,34770,13.4,24,2024-10-26,CURRENT,0,0,39939
LN100215B,100215,PERSONAL,INR,776991,520562,13.6,24,2022-09-04,PAST_DUE,15,0,776991
LN100143C,100143,PERSONAL,INR,362071,232957,14.0,24,2023-09-10,CURRENT,0,0,362071
LN100137D,100137,BUSINESS,INR,3093928,2902402,10.4,60,2025-08-04,CURRENT,0,2593674,3093928
LN100168E,100168,BUSINESS,INR,2028730,0,10.1,60,2023-06-25,CLOSED,0,1983401,2028730
LN100159F,100159,PERSONAL,INR,552351,502536,12.2,18,2024-11-26,CURRENT,0,0,552351
LN100158G,100158,PERSONAL,INR,164532,110010,12.3,18,2024-07-30,CURRENT,0,0,164532
LN100206H,100206,PERSONAL,INR,155065,117650,12.7,36,2021-10-09,CURRENT,0,0,155065
LN100105I,100105,HOME,INR,7116691,4529554,8.9,180,2022-02-13,CURRENT,0,10490093,7116691
LN100153J,100153,PERSONAL,INR,351198,0,12.5,24,2025-04-24,CLOSED,0,0,351198
LN100139K,100139,BUSINESS,INR,5616179,5042979,11.9,48,2021-12-25,CURRENT,0,4838668,5616179
LN100129L,100129,PERSONAL,INR,234327,151663,15.0,12,2025-03-14,CURRENT,0,0,234327
LN100152M,100152,PERSONAL,INR,353528,146495,11.5,12,2022-11-18,CURRENT,0,0,353528
LN100175N,100175,PERSONAL,INR,722464,542750,14.6,36,2022-01-30,PAST_DUE,60,0,722464
LN100174O,100174,PERSONAL,INR,531206,0,14.0,24,2022-11-22,CLOSED,0,0,531206
LN100211P,100211,PERSONAL,INR,252544,149832,13.6,18,2023-05-26,CURRENT,0,0,252544
LN100101Q,100101,HOME,INR,3300148,1168576,9.8,180,2023-02-25,CURRENT,0,4260430,3300148
LN100188R,100188,PERSONAL,INR,329963,117751,12.6,24,2024-08-31,CURRENT,0,0,329963
LN100207S,100207,PERSONAL,INR,297781,132759,13.8,12,2024-11-06,CURRENT,0,0,297781
LN100184T,100184,PERSONAL,INR,787733,720288,13.9,24,2023-01-23,CURRENT,0,0,787733
LN100112U,100112,PERSONAL,INR,190057,135594,12.0,36,2023-05-02,CURRENT,0,0,190057
LN100107V,100107,PERSONAL,INR,543699,384660,14.2,18,2025-06-01,CURRENT,0,0,543699
LN100187W,100187,HOME,INR,6247593,0,8.3,240,2024-01-27,CLOSED,0,8282230,6247593
LN100132X,100132,PERSONAL,INR,612728,376891,12.1,18,2024-10-25,CURRENT,0,0,612728
LN100185Y,100185,BUSINESS,INR,5691797,3540635,10.3,84,2023-11-18,CURRENT,0,4298374,5691797
LN100192Z,100192,PERSONAL,INR,641303,343034,13.5,12,2021-02-14,CURRENT,0,0,641303
LN100190A,100190,PERSONAL,INR,53161,0,13.5,18,2022-12-07,CLOSED,0,0,53161
LN100165B,100165,PERSONAL,INR,617451,0,14.8,12,2023-08-25,CLOSED,0,0,617451
LN100164C,100164,HOME,INR,5929824,4373414,9.4,180,2023-05-11,CURRENT,0,8339295,5929824
LN100155D,100155,PERSONAL,INR,520325,388722,12.8,36,2024-01-10,CURRENT,0,0,520325
LN100145E,100145,HOME,INR,5417305,4261874,8.5,120,2022-04-02,CURRENT,0,7123232,5417305
LN100110F,100110,PERSONAL,INR,73839,44633,13.1,24,2023-02-16,CURRENT,0,0,73839
LN100154G,100154,PERSONAL,INR,412974,324190,12.5,18,2021-08-20,CURRENT,0,0,412974
LN100204H,100204,HOME,INR,6016845,3717595,8.6,120,2024-10-08,CURRENT,0,6780481,6016845
LN100169I,100169,PERSONAL,USD,7899,6339,13.0,36,2025-05-09,CURRENT,0,0,7899
LN100118J,100118,HOME,INR,6726984,4685242,8.6,240,2025-05-02,CURRENT,0,9865517,6726984
LN100134K,100134,PERSONAL,INR,386241,299003,12.6,18,2023-04-27,PAST_DUE,90,0,386241
LN100189L,100189,PERSONAL,INR,113918,73747,13.7,18,2022-12-07,CURRENT,0,0,113918
LN100214M,100214,PERSONAL,INR,753953,452217,14.3,36,2021-11-02,CURRENT,0,0,753953
LN100144N,100144,PERSONAL,INR,242811,148617,12.3,36,2023-08-07,PAST_DUE,90,0,242811
LN100191O,100191,PERSONAL,INR,639704,275364,14.9,36,2022-05-13,CURRENT,0,0,639704
LN100111P,100111,PERSONAL,INR,396305,160693,14.7,12,2025-01-23,CURRENT,0,0,396305
LN100212Q,100212,PERSONAL,INR,104040,38882,12.8,24,2021-05-30,CURRENT,0,0,104040
LN100122R,100122,PERSONAL,INR,666126,366221,13.2,18,2021-02-01,CURRENT,0,0,666126
LN100205S,100205,BUSINESS,INR,2394034,1837123,12.6,36,2024-12-12,CURRENT,0,2099963,2394034
LN100198T,100198,PERSONAL,INR,300956,201697,14.2,24,2023-01-06,CURRENT,0,0,300956
LN100195U,100195,PERSONAL,INR,427114,334621,13.1,36,2025-04-09,CURRENT,0,0,427114
LN100180V,100180,PERSONAL,INR,438712,211794,12.9,24,2021-10-26,CURRENT,0,0,438712
LN100125W,100125,HOME,INR,7141513,6486964,8.7,300,2023-10-20,PAST_DUE,60,8416106,7141513
LN100162X,100162,PERSONAL,INR,768113,714272,12.4,24,2024-08-07,CURRENT,0,0,768113
LN100136Y,100136,PERSONAL,INR,419283,193049,12.0,18,2024-01-16,CURRENT,0,0,419283
LN100127Z,100127,PERSONAL,INR,127941,109456,14.2,12,2022-04-19,CURRENT,0,0,127941
LN100202A,100202,HOME,INR,3766928,0,8.5,120,2024-07-30,CLOSED,0,4830723,3766928
LN100179B,100179,PERSONAL,INR,696467,0,13.8,36,2023-12-26,CLOSED,0,0,696467
LN100133C,100133,PERSONAL,INR,62426,34794,13.4,12,2025-07-24,PAST_DUE,30,0,62426
LN100115D,100115,PERSONAL,INR,501488,0,11.9,18,2021-11-01,CLOSED,0,0,501488
LN100171E,100171,PERSONAL,INR,699887,408718,14.4,24,2023-04-12,PAST_DUE,45,0,699887
LN100208F,100208,PERSONAL,INR,305021,121511,12.5,18,2024-08-23,CURRENT,0,0,305021
LN100166G,100166,HOME,INR,5681497,0,9.1,300,2021-12-17,CLOSED,0,6377173,5681497
LN100163H,100163,HOME,INR,6139897,0,9.1,240,2023-12-18,CLOSED,0,8861001,6139897
LN100123I,100123,PERSONAL,INR,290927,200760,14.7,18,2022-07-10,CURRENT,0,0,290927
LN100103J,100103,HOME,INR,3123676,0,9.6,240,2022-10-07,CLOSED,0,4140132,3123676
LN100114K,100114,HOME,INR,4237768,1678844,9.4,180,2021-11-29,CURRENT,0,5869667,4237768
LN100131L,100131,PERSONAL,INR,644223,373847,13.9,36,2025-02-23,CURRENT,0,0,644223
LN100135M,100135,HOME,INR,3157899,1750599,8.3,240,2025-04-24,CURRENT,0,4025801,3157899
LN100183N,100183,PERSONAL,INR,392230,243312,13.7,12,2022-04-13,CURRENT,0,0,392230
LN100140O,100140,PERSONAL,INR,502825,201842,13.9,18,2024-06-20,CURRENT,0,0,502825
LN100150P,100150,BUSINESS,INR,2867370,2094156,10.3,36,2025-02-23,CURRENT,0,1654789,2867370
LN100209Q,100209,PERSONAL,INR,428221,264144,11.8,12,2025-04-09,CURRENT,0,0,428221
LN100167R,100167,PERSONAL,INR,188943,129018,12.2,12,2023-04-16,CURRENT,0,0,188943
LN100117S,100117,HOME,INR,3251777,2823293,9.1,240,2021-01-26,CURRENT,0,4353380,3251777
LN100173T,100173,PERSONAL,INR,456637,431813,14.0,12,2022-05-13,CURRENT,0,0,456637
LN100109U,100109,PERSONAL,INR,227820,173608,12.1,36,2021-05-10,PAST_DUE,30,0,227820
LN100197V,100197,HOME,INR,5014504,3924048,9.5,300,2023-10-13,CURRENT,0,6240299,5014504
LN100217W,100217,PERSONAL,INR,162168,89083,12.6,18,2024-06-24,CURRENT,0,0,162168
LN100201X,100201,PERSONAL,INR,395549,342428,12.7,36,2024-05-02,CURRENT,0,0,395549
LN100147Y,100147,BUSINESS,INR,3489934,1889738,11.7,48,2025-02-14,CURRENT,0,2054938,3489934
LN100157Z,100157,PERSONAL,INR,564858,464042,12.6,18,2023-01-18,CURRENT,0,0,564858
LN100219A,100219,HOME,INR,7229920,4916775,9.1,180,2025-01-29,CURRENT,0,9530853,7229920
LN100119B,100119,PERSONAL,INR,792776,607029,13.0,18,2025-08-05,CURRENT,0,0,792776
LN100177C,100177,PERSONAL,INR,479016,240278,12.0,36,2021-11-12,CURRENT,0,0,479016
LN100216D,100216,PERSONAL,INR,445303,311421,13.1,12,2023-12-31,CURRENT,0,0,445303
LN100172E,100172,PERSONAL,INR,775309,438606,13.4,36,2025-07-22,CURRENT,0,0,775309
LN100149F,100149,PERSONAL,INR,139110,78319,14.2,12,2024-08-18,CURRENT,0,0,139110
LN100210G,100210,PERSONAL,INR,726364,601239,14.9,36,2021-08-05,CURRENT,0,0,726364
LN100146H,100146,HOME,INR,4670454,3246625,9.0,180,2023-07-02,CURRENT,0,6106707,4670454
LN100182I,100182,PERSONAL,INR,762565,0,12.7,18,2021-08-03,CLOSED,0,0,762565
LN100199J,100199,BUSINESS,INR,1520202,844989,12.9,36,2025-05-26,CURRENT,0,1315089,1520202
LN100130K,100130,PERSONAL,INR,556384,427335,13.2,24,2022-10-16,CURRENT,0,0,556384
LN100108L,100108,HOME,INR,2874828,0,8.2,120,2025-06-27,CLOSED,0,3556826,2874828
LN100116M,100116,BUSINESS,INR,2846090,1785160,11.9,48,2025-06-22,CURRENT,0,1894058,2846090
LN100104N,100104,BUSINESS,INR,2347293,0,12.2,48,2024-06-11,CLOSED,0,1680819,2347293
LN100156O,100156,PERSONAL,INR,521413,246873,12.9,36,2025-03-21,CURRENT,0,0,521413
LN100200P,100200,PERSONAL,INR,115602,65832,14.3,12,2022-02-08,CURRENT,0,0,115602
LN100186Q,100186,PERSONAL,INR,325097,230228,13.3,36,2024-06-05,CURRENT,0,0,325097
LN100141R,100141,PERSONAL,USD,28067,21712,13.7,36,2022-09-02,CURRENT,0,0,28067
LN100106S,100106,PERSONAL,INR,668836,329832,13.9,12,2021-08-28,CURRENT,0,0,668836
LN100193T,100193,BUSINESS,INR,1985801,916352,11.5,84,2024-07-25,CURRENT,0,1129789,1985801
LN100178U,100178,PERSONAL,INR,231649,211276,13.2,18,2024-06-22,PAST_DUE,30,0,231649
LN100100V,100100,HOME,INR,5511838,3786352,9.0,120,2024-08-30,CURRENT,0,6493228,5511838
LN100120W,100120,PERSONAL,INR,767956,493964,13.0,36,2021-06-19,CURRENT,0,0,767956
LN100203X,100203,PERSONAL,INR,281241,175024,11.6,24,2023-07-26,PAST_DUE,30,0,281241
LN100176Y,100176,PERSONAL,INR,569373,514719,13.5,12,2023-01-22,PAST_DUE,60,0,569373
LN100126Z,100126,PERSONAL,INR,512806,0,15.0,18,2025-08-27,CLOSED,0,0,512806
LN100170A,100170,PERSONAL,INR,309555,0,14.6,24,2022-06-23,CLOSED,0,0,309555
LN100142B,100142,PERSONAL,INR,141208,0,14.5,36,2025-07-21,CLOSED,0,0,141208
LN100161C,100161,PERSONAL,INR,666482,404488,14.5,24,2024-06-15,CURRENT,0,0,666482
LN100213D,100213,HOME,INR,4233251,2997626,9.5,180,2021-12-11,CURRENT,0,5621883,4233251
LN100128E,100128,BUSINESS,INR,3254797,2897072,12.0,60,2025-07-28,CURRENT,0,3177328,3254797
LN100138F,100138,HOME,INR,5952719,3913086,9.8,120,2024-12-27,PAST_DUE,15,8612507,5952719
LN100151G,100151,PERSONAL,INR,309579,158266,13.2,36,2023-04-29,CURRENT,0,0,309579
LN100181H,100181,PERSONAL,INR,129184,99061,12.9,12,2023-01-26,CURRENT,0,0,129184
LN100218I,100218,PERSONAL,INR,561751,482151,13.5,24,2021-07-10,CURRENT,0,0,561751
LN100121J,100121,PERSONAL,INR,746405,439356,14.5,24,2023-05-30,CURRENT,0,0,746405
LN100194K,100194,PERSONAL,INR,568746,385829,12.6,24,2021-09-25,CURRENT,0,0,568746
LN100148L,100148,PERSONAL,INR,410437,349701,11.7,12,2021-02-03,CURRENT,0,0,410437
LN100102M,100102,HOME,INR,3825261,3624115,8.9,300,2021-09-28,CURRENT,0,5725403,3825261
LN100160N,100160,PERSONAL,INR,366528,148811,14.6,18,2023-01-09,CURRENT,0,0,366528
LN100196O,100196,PERSONAL,INR,730432,573822,11.7,18,2025-03-27,CURRENT,0,0,730432
LN100124P,100124,PERSONAL,INR,737326,0,14.0,12,2023-09-04,CLOSED,0,0,737326
LN100113Q,100113,BUSINESS,INR,5157414,4862889,10.0,84,2023-05-15,CURRENT,0,4372448,5157414
LN100215R,100215,PERSONAL,INR,550905,0,12.3,12,2025-07-09,CLOSED,0,0,550905
LN100143S,100143,HOME,INR,5128582,4112582,9.6,240,2021-09-30,CURRENT,0,5922751,5128582
LN100137T,100137,PERSONAL,INR,121734,104769,13.6,12,2024-07-10,PAST_DUE,30,0,121734
LN100168U,100168,PERSONAL,INR,513873,0,11.8,18,2025-03-22,CLOSED,0,0,513873
LN100159V,100159,HOME,INR,5721493,4732743,9.7,240,2022-05-24,PAST_DUE,30,7013414,5721493
LN100158W,100158,PERSONAL,INR,679153,583212,14.2,24,2024-09-10,CURRENT,0,0,679153
LN100206X,100206,PERSONAL,INR,265425,101589,14.1,18,2025-06-14,CURRENT,0,0,265425
LN100105Y,100105,PERSONAL,INR,568927,401866,11.9,36,2023-12-18,CURRENT,0,0,568927
LN100153Z,100153,PERSONAL,INR,62653,45797,14.8,24,2024-01-24,PAST_DUE,60,0,62653
LN100139A,100139,PERSONAL,INR,126537,0,13.6,12,2022-03-18,CLOSED,0,0,126537
LN100129B,100129,HOME,INR,3007249,1802121,9.0,300,2024-12-08,CURRENT,0,4064081,3007249
LN100152C,100152,PERSONAL,INR,721652,473968,12.5,18,2022-02-21,CURRENT,0,0,721652
LN100175D,100175,PERSONAL,INR,212924,181137,12.9,24,2024-10-26,CURRENT,0,0,212924
LN100174E,100174,PERSONAL,INR,508737,0,11.7,18,2023-06-09,CLOSED,0,0,508737
