txn_id,account_id,customer_id,txn_date,value_date,amount,txn_type,counterparty,narrative,channel,is_suspicious
FT900001,10013902,100139,2026-07-21,2026-07-21,-50519.52,DEBIT,SIP.MF,FOOD ORDER,NEFT,N
FT900002,10011302,100113,2026-07-13,2026-07-13,-1151342.19,DEBIT,OFFSHORE.X,CRYPTO TOPUP,IB,Y
FT900003,10013501,100135,2026-06-21,2026-06-21,-49196.93,DEBIT,LANDLORD,RENT TRANSFER,UPI,N
FT900004,10019801,100198,2026-05-02,2026-05-02,-3114.25,DEBIT,SIP.MF,UTILITY BILL,IB,N
FT900005,10017201,100172,2026-05-29,2026-05-29,-1531.5,DEBIT,UTIL.CO,EMI PAYMENT,UPI,N
FT900006,10017801,100178,2026-05-09,2026-05-09,-40316.58,DEBIT,UTIL.CO,RENT TRANSFER,ACH,N
FT900007,10011002,100110,2026-06-13,2026-06-13,-58253.77,DEBIT,10018201,MUTUAL FUND SIP,ACH,N
FT900008,10019902,100199,2026-08-05,2026-08-05,-79691.5,DEBIT,SIP.MF,UPI PURCHASE,NEFT,N
FT900009,10014201,100142,2026-05-28,2026-05-28,-18350.62,DEBIT,UTIL.CO,UTILITY BILL,IB,N
FT900010,10010401,100104,2026-06-18,2026-06-18,-29390.66,DEBIT,UPI.MERCHANT,UPI PURCHASE,IB,N
FT900011,10015501,100155,2026-07-24,2026-07-24,149293.17,CREDIT,SALARY,BUSINESS RECEIPT,IB,N
FT900012,10012401,100124,2026-06-26,2026-06-26,173057.94,CREDIT,CASH.IN,SALARY CREDIT,IB,N
FT900013,10018602,100186,2026-06-08,2026-06-08,-56179.27,DEBIT,UPI.MERCHANT,MUTUAL FUND SIP,ACH,N
FT900014,10019601,100196,2026-06-23,2026-06-23,3447.72,CREDIT,CLIENT.A,INTEREST CREDIT,ATM,N
FT900015,10012302,100123,2026-07-03,2026-07-03,72111.28,CREDIT,SALARY,BUSINESS RECEIPT,IB,N
FT900016,10014401,100144,2026-07-30,2026-07-30,-41899.37,DEBIT,SIP.MF,MUTUAL FUND SIP,SWIFT,N
FT900017,10019301,100193,2026-07-28,2026-07-28,125095.97,CREDIT,CLIENT.A,SALARY CREDIT,ATM,N
FT900018,10020901,100209,2026-07-13,2026-07-13,168565.02,CREDIT,SALARY,SALARY CREDIT,IB,N
FT900019,10021102,100211,2026-06-02,2026-06-02,-40985.26,DEBIT,UPI.MERCHANT,RENT TRANSFER,SWIFT,N
FT900020,10015101,100151,2026-05-06,2026-05-06,-37195.76,DEBIT,UTIL.CO,MUTUAL FUND SIP,NEFT,N
FT900021,10016402,100164,2026-05-13,2026-05-13,107646.81,CREDIT,SALARY,INTEREST CREDIT,NEFT,N
FT900022,10011002,100110,2026-06-15,2026-06-15,-984909.99,DEBIT,VENDOR.Z,VENDOR PAYMENT,RTGS,Y
FT900023,10020001,100200,2026-05-24,2026-05-24,-7526.81,DEBIT,SIP.MF,MUTUAL FUND SIP,RTGS,N
FT900024,10012501,100125,2026-06-23,2026-06-23,-66873.1,DEBIT,LANDLORD,FOOD ORDER,NEFT,N
FT900025,10013701,100137,2026-05-14,2026-05-14,16544.31,CREDIT,CLIENT.A,CASH DEPOSIT,RTGS,N
FT900026,10019501,100195,2026-07-18,2026-07-18,-45558.58,DEBIT,UTIL.CO,FOOD ORDER,SWIFT,N
FT900027,10018601,100186,2026-07-01,2026-07-01,215918.79,CREDIT,CLIENT.A,BUSINESS RECEIPT,IB,N
FT900028,10021001,100210,2026-05-02,2026-05-02,-3773.19,DEBIT,SIP.MF,UTILITY BILL,ACH,N
FT900029,10021703,100217,2026-07-06,2026-07-06,142123.03,CREDIT,BANK.INT,BUSINESS RECEIPT,RTGS,N
FT900030,10021702,100217,2026-07-01,2026-07-01,109346.28,CREDIT,CLIENT.A,BUSINESS RECEIPT,IB,N
FT900031,10017901,100179,2026-05-02,2026-05-02,38866.3,CREDIT,SALARY,INTEREST CREDIT,ACH,N
FT900032,10013501,100135,2026-08-05,2026-08-05,-39717.21,DEBIT,UPI.MERCHANT,FOOD ORDER,SWIFT,N
FT900033,10021101,100211,2026-07-22,2026-07-22,-4123.02,DEBIT,10012903,OWN ACCOUNT TRANSFER,NEFT,N
FT900034,10018601,100186,2026-06-27,2026-06-27,-36781.66,DEBIT,10020902,ATM WITHDRAWAL,IB,N
FT900035,10011902,100119,2026-05-14,2026-05-14,-9584.68,DEBIT,UPI.MERCHANT,FOOD ORDER,NEFT,N
FT900036,10019102,100191,2026-07-19,2026-07-19,-113.56,DEBIT,10011202,EMI PAYMENT,ATM,N
FT900037,10016801,100168,2026-06-16,2026-06-16,-52402.22,DEBIT,SIP.MF,EMI PAYMENT,UPI,N
FT900038,10011202,100112,2026-06-30,2026-06-30,-2242.8,DEBIT,10018502,FOOD ORDER,NEFT,N
FT900039,10018301,100183,2026-06-13,2026-06-13,-60769.66,DEBIT,UPI.MERCHANT,RENT TRANSFER,IB,N
FT900040,10018002,100180,2026-05-06,2026-05-06,-41806.61,DEBIT,UPI.MERCHANT,MUTUAL FUND SIP,ATM,N
FT900041,10013601,100136,2026-06-02,2026-06-02,180946.66,CREDIT,SALARY,CASH DEPOSIT,RTGS,N
FT900042,10014302,100143,2026-07-31,2026-07-31,-36617.98,DEBIT,UTIL.CO,UTILITY BILL,UPI,N
FT900043,10017602,100176,2026-05-16,2026-05-16,-74137.46,DEBIT,10021301,UTILITY BILL,IB,N
FT900044,10020301,100203,2026-05-01,2026-05-01,35389.73,CREDIT,CASH.IN,BUSINESS RECEIPT,ATM,N
FT900045,10021802,100218,2026-08-08,2026-08-08,-67121.41,DEBIT,10016403,EMI PAYMENT,ACH,N
FT900046,10013901,100139,2026-07-24,2026-07-24,-65238.01,DEBIT,LANDLORD,UPI PURCHASE,RTGS,N
FT900047,10017201,100172,2026-06-05,2026-06-05,-78362.11,DEBIT,UTIL.CO,UTILITY BILL,ACH,N
FT900048,10019001,100190,2026-07-17,2026-07-17,-64403.27,DEBIT,LANDLORD,MUTUAL FUND SIP,ACH,N
FT900049,10021501,100215,2026-05-26,2026-05-26,215455.47,CREDIT,CLIENT.A,CASH DEPOSIT,ATM,N
FT900050,10014601,100146,2026-07-30,2026-07-30,-27688.96,DEBIT,UTIL.CO,MUTUAL FUND SIP,RTGS,N
FT900051,10013901,100139,2026-08-06,2026-08-06,81950.59,CREDIT,SALARY,CASH DEPOSIT,RTGS,N
FT900052,10018001,100180,2026-07-26,2026-07-26,235783.07,CREDIT,CASH.IN,BUSINESS RECEIPT,ATM,N
FT900053,10021901,100219,2026-06-18,2026-06-18,-1120.36,DEBIT,UPI.MERCHANT,UTILITY BILL,SWIFT,N
FT900054,10013201,100132,2026-06-06,2026-06-06,-429788.27,DEBIT,OFFSHORE.X,URGENT INVOICE,IB,Y
FT900055,10015402,100154,2026-08-05,2026-08-05,196520.64,CREDIT,CLIENT.A,SALARY CREDIT,RTGS,N
FT900056,10010701,100107,2026-05-29,2026-05-29,-49327.1,DEBIT,10019301,FOOD ORDER,IB,N
FT900057,10018802,100188,2026-06-18,2026-06-18,173848.15,CREDIT,SALARY,CASH DEPOSIT,NEFT,N
FT900058,10018802,100188,2026-05-02,2026-05-02,241526.64,CREDIT,SALARY,INTEREST CREDIT,NEFT,N
FT900059,10015402,100154,2026-08-05,2026-08-05,-18121.32,DEBIT,SIP.MF,FOOD ORDER,SWIFT,N
FT900060,10014302,100143,2026-05-24,2026-05-24,-35960.31,DEBIT,UPI.MERCHANT,ATM WITHDRAWAL,NEFT,N
FT900061,10013802,100138,2026-06-03,2026-06-03,-3346.68,DEBIT,10013601,RENT TRANSFER,ACH,N
FT900062,10012901,100129,2026-05-06,2026-05-06,-26511.97,DEBIT,UTIL.CO,MUTUAL FUND SIP,IB,N
FT900063,10013401,100134,2026-07-02,2026-07-02,193867.92,CREDIT,BANK.INT,BUSINESS RECEIPT,IB,N
FT900064,10018101,100181,2026-07-06,2026-07-06,-807076.8,DEBIT,OFFSHORE.X,NEW BENEFICIARY PAYOUT,SWIFT,Y
FT900065,10011502,100115,2026-06-14,2026-06-14,-43492.1,DEBIT,UPI.MERCHANT,UPI PURCHASE,ACH,N
FT900066,10014901,100149,2026-05-28,2026-05-28,84104.5,CREDIT,BANK.INT,INTEREST CREDIT,NEFT,N
FT900067,10021802,100218,2026-05-15,2026-05-15,-60195.49,DEBIT,UPI.MERCHANT,EMI PAYMENT,SWIFT,N
FT900068,10017901,100179,2026-05-06,2026-05-06,229814.61,CREDIT,CLIENT.A,INTEREST CREDIT,ATM,N
FT900069,10017201,100172,2026-05-04,2026-05-04,-20601.59,DEBIT,SIP.MF,RENT TRANSFER,ACH,N
FT900070,10021601,100216,2026-05-06,2026-05-06,-64245.06,DEBIT,LANDLORD,OWN ACCOUNT TRANSFER,ATM,N
FT900071,10016502,100165,2026-08-07,2026-08-07,-41160.19,DEBIT,UTIL.CO,ATM WITHDRAWAL,NEFT,N
FT900072,10021901,100219,2026-07-27,2026-07-27,-1018689.28,DEBIT,OFFSHORE.X,URGENT INVOICE,IB,Y
FT900073,10019701,100197,2026-07-22,2026-07-22,-3315.85,DEBIT,LANDLORD,ATM WITHDRAWAL,ATM,N
FT900074,10011602,100116,2026-05-12,2026-05-12,-36792.1,DEBIT,UPI.MERCHANT,UPI PURCHASE,IB,N
FT900075,10011602,100116,2026-05-30,2026-05-30,-854802.94,DEBIT,NEW.BEN.777,GAMBLING TOPUP,SWIFT,Y
FT900076,10015601,100156,2026-06-19,2026-06-19,-32415.4,DEBIT,UPI.MERCHANT,FOOD ORDER,RTGS,N
FT900077,10012602,100126,2026-07-29,2026-07-29,155350.64,CREDIT,SALARY,INTEREST CREDIT,RTGS,N
FT900078,10011602,100116,2026-07-17,2026-07-17,-23257.94,DEBIT,SIP.MF,EMI PAYMENT,IB,N
FT900079,10011901,100119,2026-06-30,2026-06-30,-31669.55,DEBIT,UPI.MERCHANT,FOOD ORDER,ACH,N
FT900080,10013501,100135,2026-06-07,2026-06-07,-31340.31,DEBIT,10020901,UPI PURCHASE,RTGS,N
FT900081,10013102,100131,2026-07-10,2026-07-10,94536.37,CREDIT,SALARY,CASH DEPOSIT,RTGS,N
FT900082,10013101,100131,2026-06-09,2026-06-09,149970.41,CREDIT,SALARY,SALARY CREDIT,ATM,N
FT900083,10014601,100146,2026-05-21,2026-05-21,54510.76,CREDIT,CLIENT.A,CASH DEPOSIT,NEFT,N
FT900084,10014001,100140,2026-05-07,2026-05-07,-9258.34,DEBIT,10019202,MUTUAL FUND SIP,UPI,N
FT900085,10020501,100205,2026-05-26,2026-05-26,-53767.65,DEBIT,UPI.MERCHANT,RENT TRANSFER,NEFT,N
FT900086,10020903,100209,2026-06-06,2026-06-06,-53736.52,DEBIT,UPI.MERCHANT,OWN ACCOUNT TRANSFER,UPI,N
FT900087,10011601,100116,2026-07-28,2026-07-28,-36106.61,DEBIT,SIP.MF,OWN ACCOUNT TRANSFER,ACH,N
FT900088,10013401,100134,2026-05-01,2026-05-01,-25375.02,DEBIT,UTIL.CO,OWN ACCOUNT TRANSFER,SWIFT,N
FT900089,10017001,100170,2026-06-16,2026-06-16,-59211.32,DEBIT,SIP.MF,ATM WITHDRAWAL,RTGS,N
FT900090,10012903,100129,2026-07-02,2026-07-02,-37081.59,DEBIT,SIP.MF,OWN ACCOUNT TRANSFER,ACH,N
FT900091,10012402,100124,2026-07-08,2026-07-08,210764.66,CREDIT,CLIENT.A,BUSINESS RECEIPT,IB,N
FT900092,10014302,100143,2026-07-04,2026-07-04,182401.49,CREDIT,SALARY,INTEREST CREDIT,IB,N
FT900093,10010701,100107,2026-05-05,2026-05-05,192761.66,CREDIT,CLIENT.A,BUSINESS RECEIPT,ACH,N
FT900094,10015602,100156,2026-06-20,2026-06-20,-52347.26,DEBIT,SIP.MF,EMI PAYMENT,ACH,N
FT900095,10014901,100149,2026-06-29,2026-06-29,214576.71,CREDIT,CLIENT.A,BUSINESS RECEIPT,RTGS,N
FT900096,10021203,100212,2026-07-18,2026-07-18,-40223.16,DEBIT,UTIL.CO,UTILITY BILL,NEFT,N
FT900097,10013601,100136,2026-07-24,2026-07-24,-12821.87,DEBIT,10017701,UPI PURCHASE,ACH,N
FT900098,10013201,100132,2026-05-30,2026-05-30,-3329.54,DEBIT,LANDLORD,FOOD ORDER,NEFT,N
FT900099,10011401,100114,2026-06-19,2026-06-19,-53519.99,DEBIT,SIP.MF,ATM WITHDRAWAL,IB,N
FT900100,10020601,100206,2026-05-14,2026-05-14,245186.27,CREDIT,BANK.INT,SALARY CREDIT,IB,N
FT900101,10021701,100217,2026-07-12,2026-07-12,-59378.59,DEBIT,10018001,MUTUAL FUND SIP,SWIFT,N
FT900102,10013802,100138,2026-07-06,2026-07-06,-47055.54,DEBIT,UPI.MERCHANT,UTILITY BILL,NEFT,N
FT900103,10015402,100154,2026-07-02,2026-07-02,-32526.79,DEBIT,SIP.MF,ATM WITHDRAWAL,ATM,N
FT900104,10020901,100209,2026-05-22,2026-05-22,220744.49,CREDIT,CASH.IN,SALARY CREDIT,ATM,N
FT900105,10015101,100151,2026-05-21,2026-05-21,-348814.97,DEBIT,OFFSHORE.X,NEW BENEFICIARY PAYOUT,SWIFT,Y
FT900106,10018201,100182,2026-08-01,2026-08-01,-18504.67,DEBIT,SIP.MF,RENT TRANSFER,RTGS,N
FT900107,10012501,100125,2026-05-03,2026-05-03,-16935.25,DEBIT,LANDLORD,FOOD ORDER,ACH,N
FT900108,10015301,100153,2026-05-06,2026-05-06,-275248.54,DEBIT,NEW.BEN.777,OFFSHORE REMIT,RTGS,Y
FT900109,10013201,100132,2026-07-16,2026-07-16,-794295.41,DEBIT,CRYPTO.X,CRYPTO TOPUP,IB,Y
FT900110,10010302,100103,2026-05-28,2026-05-28,205683.22,CREDIT,SALARY,CASH DEPOSIT,RTGS,N
FT900111,10020201,100202,2026-07-16,2026-07-16,-38585.31,DEBIT,LANDLORD,FOOD ORDER,SWIFT,N
FT900112,10013101,100131,2026-08-01,2026-08-01,-52805.94,DEBIT,UTIL.CO,UPI PURCHASE,ATM,N
FT900113,10017701,100177,2026-06-19,2026-06-19,19073.04,CREDIT,CASH.IN,BUSINESS RECEIPT,ATM,N
FT900114,10012901,100129,2026-05-20,2026-05-20,-68781.38,DEBIT,LANDLORD,ATM WITHDRAWAL,ATM,N
FT900115,10012101,100121,2026-05-12,2026-05-12,11681.07,CREDIT,SALARY,BUSINESS RECEIPT,ATM,N
FT900116,10020901,100209,2026-07-06,2026-07-06,207225.4,CREDIT,CASH.IN,BUSINESS RECEIPT,ATM,N
FT900117,10019601,100196,2026-07-01,2026-07-01,6669.73,CREDIT,CLIENT.A,SALARY CREDIT,RTGS,N
FT900118,10018701,100187,2026-06-24,2026-06-24,209623.25,CREDIT,SALARY,CASH DEPOSIT,SWIFT,N
FT900119,10012903,100129,2026-06-22,2026-06-22,-6797.02,DEBIT,10018202,ATM WITHDRAWAL,SWIFT,N
FT900120,10015601,100156,2026-07-06,2026-07-06,197776.78,CREDIT,SALARY,CASH DEPOSIT,RTGS,N
FT900121,10010101,100101,2026-05-14,2026-05-14,-64362.54,DEBIT,SIP.MF,ATM WITHDRAWAL,RTGS,N
FT900122,10013402,100134,2026-07-12,2026-07-12,66803.12,CREDIT,CASH.IN,BUSINESS RECEIPT,NEFT,N
FT900123,10018301,100183,2026-07-10,2026-07-10,189233.03,CREDIT,CASH.IN,INTEREST CREDIT,ACH,N
FT900124,10020901,100209,2026-06-14,2026-06-14,-38752.44,DEBIT,10014001,EMI PAYMENT,ATM,N
FT900125,10019001,100190,2026-08-09,2026-08-09,187457.92,CREDIT,CASH.IN,INTEREST CREDIT,IB,N
FT900126,10013503,100135,2026-07-18,2026-07-18,-62907.88,DEBIT,10020902,EMI PAYMENT,ACH,N
FT900127,10011201,100112,2026-06-30,2026-06-30,201483.6,CREDIT,CLIENT.A,INTEREST CREDIT,IB,N
FT900128,10019902,100199,2026-08-01,2026-08-01,-29729.73,DEBIT,UPI.MERCHANT,MUTUAL FUND SIP,UPI,N
FT900129,10018801,100188,2026-05-08,2026-05-08,-52528.4,DEBIT,10013801,UTILITY BILL,ATM,N
FT900130,10013803,100138,2026-06-06,2026-06-06,-16216.41,DEBIT,10019101,FOOD ORDER,IB,N
FT900131,10014302,100143,2026-07-18,2026-07-18,-793087.9,DEBIT,OFFSHORE.X,OFFSHORE REMIT,RTGS,Y
FT900132,10013801,100138,2026-06-05,2026-06-05,-52436.03,DEBIT,UPI.MERCHANT,OWN ACCOUNT TRANSFER,UPI,N
FT900133,10019101,100191,2026-08-03,2026-08-03,-46927.81,DEBIT,UPI.MERCHANT,UTILITY BILL,ACH,N
FT900134,10011601,100116,2026-06-14,2026-06-14,-58118.48,DEBIT,10017603,EMI PAYMENT,NEFT,N
FT900135,10017901,100179,2026-06-21,2026-06-21,-48548.44,DEBIT,LANDLORD,MUTUAL FUND SIP,UPI,N
FT900136,10010002,100100,2026-06-07,2026-06-07,-8606.55,DEBIT,10011002,UTILITY BILL,ATM,N
FT900137,10017701,100177,2026-06-02,2026-06-02,-70101.43,DEBIT,10021101,EMI PAYMENT,NEFT,N
FT900138,10020002,100200,2026-08-08,2026-08-08,192951.86,CREDIT,BANK.INT,BUSINESS RECEIPT,ACH,N
FT900139,10020402,100204,2026-06-03,2026-06-03,8782.97,CREDIT,SALARY,BUSINESS RECEIPT,SWIFT,N
FT900140,10011502,100115,2026-06-22,2026-06-22,-56123.97,DEBIT,SIP.MF,ATM WITHDRAWAL,RTGS,N
FT900141,10018002,100180,2026-06-06,2026-06-06,208379.91,CREDIT,CLIENT.A,SALARY CREDIT,RTGS,N
FT900142,10012001,100120,2026-06-30,2026-06-30,86814.23,CREDIT,CLIENT.A,CASH DEPOSIT,SWIFT,N
FT900143,10017002,100170,2026-07-03,2026-07-03,47330.54,CREDIT,CLIENT.A,BUSINESS RECEIPT,NEFT,N
FT900144,10014401,100144,2026-06-01,2026-06-01,-21305.89,DEBIT,UTIL.CO,ATM WITHDRAWAL,SWIFT,N
FT900145,10018101,100181,2026-07-18,2026-07-18,-73623.03,DEBIT,LANDLORD,RENT TRANSFER,IB,N
FT900146,10010101,100101,2026-06-10,2026-06-10,-67856.05,DEBIT,10014902,EMI PAYMENT,IB,N
FT900147,10021101,100211,2026-08-06,2026-08-06,70133.79,CREDIT,CLIENT.A,BUSINESS RECEIPT,SWIFT,N
FT900148,10021401,100214,2026-06-24,2026-06-24,-46175.55,DEBIT,10010701,ATM WITHDRAWAL,SWIFT,N
FT900149,10020801,100208,2026-06-28,2026-06-28,88127.66,CREDIT,CLIENT.A,SALARY CREDIT,ATM,N
FT900150,10012602,100126,2026-06-18,2026-06-18,-55167.92,DEBIT,UTIL.CO,FOOD ORDER,NEFT,N
FT900151,10012201,100122,2026-05-31,2026-05-31,66405.79,CREDIT,BANK.INT,BUSINESS RECEIPT,SWIFT,N
FT900152,10015801,100158,2026-06-24,2026-06-24,92749.19,CREDIT,CASH.IN,BUSINESS RECEIPT,NEFT,N
FT900153,10014601,100146,2026-05-24,2026-05-24,-68360.65,DEBIT,LANDLORD,OWN ACCOUNT TRANSFER,NEFT,N
FT900154,10012901,100129,2026-05-31,2026-05-31,203919.28,CREDIT,BANK.INT,INTEREST CREDIT,UPI,N
FT900155,10019901,100199,2026-06-30,2026-06-30,-64022.99,DEBIT,UTIL.CO,ATM WITHDRAWAL,UPI,N
FT900156,10010102,100101,2026-07-08,2026-07-08,-79645.39,DEBIT,10021401,FOOD ORDER,UPI,N
FT900157,10017002,100170,2026-06-20,2026-06-20,-45014.86,DEBIT,UPI.MERCHANT,MUTUAL FUND SIP,NEFT,N
FT900158,10012201,100122,2026-07-20,2026-07-20,203826.88,CREDIT,CASH.IN,SALARY CREDIT,UPI,N
FT900159,10012101,100121,2026-06-02,2026-06-02,-28940.87,DEBIT,10017603,OWN ACCOUNT TRANSFER,NEFT,N
FT900160,10017801,100178,2026-05-26,2026-05-26,-1306358.13,DEBIT,NEW.BEN.777,URGENT INVOICE,SWIFT,Y
FT900161,10013802,100138,2026-08-08,2026-08-08,-26074.71,DEBIT,LANDLORD,MUTUAL FUND SIP,NEFT,N
FT900162,10020201,100202,2026-05-22,2026-05-22,-22993.23,DEBIT,UTIL.CO,UTILITY BILL,ATM,N
FT900163,10017602,100176,2026-05-11,2026-05-11,102383.63,CREDIT,SALARY,BUSINESS RECEIPT,ATM,N
FT900164,10013503,100135,2026-07-17,2026-07-17,-52275.75,DEBIT,SIP.MF,OWN ACCOUNT TRANSFER,NEFT,N
FT900165,10018902,100189,2026-07-06,2026-07-06,-69038.24,DEBIT,10014801,FOOD ORDER,SWIFT,N
FT900166,10020301,100203,2026-07-24,2026-07-24,-1945.78,DEBIT,UTIL.CO,UPI PURCHASE,SWIFT,N
FT900167,10015402,100154,2026-06-20,2026-06-20,21856.05,CREDIT,CLIENT.A,CASH DEPOSIT,RTGS,N
FT900168,10012301,100123,2026-07-07,2026-07-07,-4400.65,DEBIT,LANDLORD,FOOD ORDER,ATM,N
FT900169,10011801,100118,2026-06-09,2026-06-09,22909.19,CREDIT,CASH.IN,BUSINESS RECEIPT,UPI,N
FT900170,10015101,100151,2026-05-22,2026-05-22,-50155.81,DEBIT,10011701,MUTUAL FUND SIP,ACH,N
FT900171,10010601,100106,2026-07-09,2026-07-09,-1301792.07,DEBIT,CRYPTO.X,CRYPTO TOPUP,SWIFT,Y
FT900172,10015901,100159,2026-06-28,2026-06-28,-43189.08,DEBIT,10018102,UPI PURCHASE,RTGS,N
FT900173,10019902,100199,2026-07-01,2026-07-01,78796.01,CREDIT,BANK.INT,INTEREST CREDIT,ATM,N
FT900174,10015001,100150,2026-06-08,2026-06-08,-29326.09,DEBIT,UTIL.CO,FOOD ORDER,NEFT,N
FT900175,10010102,100101,2026-07-08,2026-07-08,-542071.98,DEBIT,CRYPTO.X,GAMBLING TOPUP,IB,Y
FT900176,10010101,100101,2026-06-07,2026-06-07,-38217.66,DEBIT,LANDLORD,FOOD ORDER,SWIFT,N
FT900177,10015101,100151,2026-06-25,2026-06-25,-15166.82,DEBIT,10021802,EMI PAYMENT,NEFT,N
FT900178,10018902,100189,2026-05-29,2026-05-29,162205.72,CREDIT,CASH.IN,CASH DEPOSIT,RTGS,N
FT900179,10015701,100157,2026-07-28,2026-07-28,-794250.69,DEBIT,NEW.BEN.777,NEW BENEFICIARY PAYOUT,IB,Y
FT900180,10015901,100159,2026-05-25,2026-05-25,202584.54,CREDIT,CASH.IN,CASH DEPOSIT,ATM,N
FT900181,10011601,100116,2026-06-04,2026-06-04,-50987.73,DEBIT,LANDLORD,MUTUAL FUND SIP,IB,N
FT900182,10021101,100211,2026-05-24,2026-05-24,14308.75,CREDIT,SALARY,SALARY CREDIT,UPI,N
FT900183,10012301,100123,2026-05-12,2026-05-12,-35129.49,DEBIT,UTIL.CO,UPI PURCHASE,RTGS,N
FT900184,10013301,100133,2026-06-17,2026-06-17,-653554.82,DEBIT,CRYPTO.X,VENDOR PAYMENT,SWIFT,Y
FT900185,10020502,100205,2026-05-08,2026-05-08,21895.33,CREDIT,CLIENT.A,SALARY CREDIT,NEFT,N
FT900186,10015703,100157,2026-06-18,2026-06-18,-37664.73,DEBIT,SIP.MF,RENT TRANSFER,ATM,N
FT900187,10010201,100102,2026-06-01,2026-06-01,97429.88,CREDIT,CASH.IN,CASH DEPOSIT,UPI,N
FT900188,10010702,100107,2026-06-30,2026-06-30,25302.16,CREDIT,CLIENT.A,CASH DEPOSIT,SWIFT,N
FT900189,10018802,100188,2026-08-04,2026-08-04,-12773.05,DEBIT,UPI.MERCHANT,MUTUAL FUND SIP,NEFT,N
FT900190,10021701,100217,2026-07-25,2026-07-25,-23975.17,DEBIT,UPI.MERCHANT,FOOD ORDER,RTGS,N
FT900191,10014801,100148,2026-06-05,2026-06-05,-34789.52,DEBIT,UTIL.CO,ATM WITHDRAWAL,RTGS,N
FT900192,10012602,100126,2026-07-28,2026-07-28,-77509.91,DEBIT,LANDLORD,ATM WITHDRAWAL,IB,N
FT900193,10013402,100134,2026-06-13,2026-06-13,-12700.11,DEBIT,10011202,RENT TRANSFER,UPI,N
FT900194,10011302,100113,2026-05-17,2026-05-17,-1063939.08,DEBIT,NEW.BEN.998,NEW BENEFICIARY PAYOUT,IB,Y
FT900195,10021001,100210,2026-08-02,2026-08-02,-51607.21,DEBIT,LANDLORD,EMI PAYMENT,SWIFT,N
FT900196,10014301,100143,2026-05-06,2026-05-06,-1097622.77,DEBIT,VENDOR.Z,BULK SUPPLIER PAY,SWIFT,Y
FT900197,10020902,100209,2026-07-12,2026-07-12,-43464.45,DEBIT,UTIL.CO,EMI PAYMENT,NEFT,N
FT900198,10014101,100141,2026-07-10,2026-07-10,-37524.74,DEBIT,10021702,OWN ACCOUNT TRANSFER,RTGS,N
FT900199,10013503,100135,2026-07-09,2026-07-09,-471682.09,DEBIT,VENDOR.Z,VENDOR PAYMENT,SWIFT,Y
FT900200,10018401,100184,2026-05-03,2026-05-03,96002.81,CREDIT,CLIENT.A,INTEREST CREDIT,ATM,N
FT900201,10018301,100183,2026-06-19,2026-06-19,-57708.18,DEBIT,10019101,ATM WITHDRAWAL,NEFT,N
FT900202,10014201,100142,2026-06-11,2026-06-11,-44162.28,DEBIT,SIP.MF,FOOD ORDER,SWIFT,N
FT900203,10019301,100193,2026-05-17,2026-05-17,-41903.72,DEBIT,UPI.MERCHANT,RENT TRANSFER,IB,N
FT900204,10013901,100139,2026-07-13,2026-07-13,-38881.09,DEBIT,UPI.MERCHANT,ATM WITHDRAWAL,IB,N
FT900205,10018802,100188,2026-06-16,2026-06-16,-56134.99,DEBIT,UPI.MERCHANT,EMI PAYMENT,ATM,N
FT900206,10014901,100149,2026-05-11,2026-05-11,-74423.86,DEBIT,LANDLORD,RENT TRANSFER,IB,N
FT900207,10020601,100206,2026-06-17,2026-06-17,140388.93,CREDIT,CASH.IN,SALARY CREDIT,NEFT,N
FT900208,10011302,100113,2026-05-10,2026-05-10,-3348.19,DEBIT,SIP.MF,MUTUAL FUND SIP,ATM,N
FT900209,10014702,100147,2026-05-25,2026-05-25,-58041.24,DEBIT,LANDLORD,RENT TRANSFER,IB,N
FT900210,10014301,100143,2026-08-04,2026-08-04,-50063.47,DEBIT,10012302,ATM WITHDRAWAL,ATM,N
FT900211,10019501,100195,2026-07-29,2026-07-29,90774.91,CREDIT,CASH.IN,INTEREST CREDIT,ATM,N
FT900212,10019703,100197,2026-06-13,2026-06-13,-725.68,DEBIT,10015202,UPI PURCHASE,SWIFT,N
FT900213,10013501,100135,2026-07-10,2026-07-10,233512.95,CREDIT,BANK.INT,BUSINESS RECEIPT,ACH,N
FT900214,10017301,100173,2026-07-17,2026-07-17,-50695.94,DEBIT,SIP.MF,UTILITY BILL,SWIFT,N
FT900215,10015202,100152,2026-06-16,2026-06-16,-61280.09,DEBIT,SIP.MF,ATM WITHDRAWAL,ACH,N
FT900216,10020301,100203,2026-05-03,2026-05-03,-58132.43,DEBIT,10013701,UTILITY BILL,IB,N
FT900217,10021601,100216,2026-06-10,2026-06-10,-24096.68,DEBIT,UTIL.CO,MUTUAL FUND SIP,IB,N
FT900218,10010401,100104,2026-05-13,2026-05-13,70437.37,CREDIT,CLIENT.A,CASH DEPOSIT,SWIFT,N
FT900219,10010801,100108,2026-06-01,2026-06-01,-21272.56,DEBIT,10021902,UPI PURCHASE,UPI,N
FT900220,10015102,100151,2026-08-02,2026-08-02,-45681.92,DEBIT,UTIL.CO,MUTUAL FUND SIP,IB,N
FT900221,10011701,100117,2026-05-13,2026-05-13,-39113.28,DEBIT,10019601,FOOD ORDER,UPI,N
FT900222,10016701,100167,2026-08-07,2026-08-07,-597057.32,DEBIT,NEW.BEN.998,GAMBLING TOPUP,RTGS,Y
FT900223,10017601,100176,2026-08-04,2026-08-04,-74426.66,DEBIT,UTIL.CO,UTILITY BILL,ACH,N
FT900224,10010102,100101,2026-06-10,2026-06-10,15423.73,CREDIT,SALARY,INTEREST CREDIT,ACH,N
FT900225,10013301,100133,2026-06-27,2026-06-27,39992.98,CREDIT,CASH.IN,CASH DEPOSIT,UPI,N
FT900226,10021301,100213,2026-06-13,2026-06-13,-62930.83,DEBIT,UTIL.CO,UTILITY BILL,NEFT,N
FT900227,10011801,100118,2026-05-11,2026-05-11,137941.8,CREDIT,BANK.INT,CASH DEPOSIT,IB,N
FT900228,10019101,100191,2026-07-11,2026-07-11,190984.16,CREDIT,CASH.IN,CASH DEPOSIT,UPI,N
FT900229,10014401,100144,2026-06-01,2026-06-01,50632.63,CREDIT,CLIENT.A,INTEREST CREDIT,ATM,N
FT900230,10011602,100116,2026-05-15,2026-05-15,-54810.56,DEBIT,UPI.MERCHANT,UTILITY BILL,NEFT,N
FT900231,10019401,100194,2026-08-07,2026-08-07,-25727.0,DEBIT,UPI.MERCHANT,OWN ACCOUNT TRANSFER,UPI,N
FT900232,10016801,100168,2026-07-19,2026-07-19,-65744.57,DEBIT,LANDLORD,OWN ACCOUNT TRANSFER,ATM,N
FT900233,10013201,100132,2026-05-15,2026-05-15,-54860.2,DEBIT,UPI.MERCHANT,ATM WITHDRAWAL,UPI,N
FT900234,10011202,100112,2026-05-02,2026-05-02,10872.53,CREDIT,BANK.INT,BUSINESS RECEIPT,UPI,N
FT900235,10017801,100178,2026-05-27,2026-05-27,-36059.92,DEBIT,SIP.MF,RENT TRANSFER,NEFT,N
FT900236,10014701,100147,2026-08-02,2026-08-02,-20766.77,DEBIT,10016403,EMI PAYMENT,SWIFT,N
FT900237,10013101,100131,2026-06-02,2026-06-02,95398.45,CREDIT,SALARY,INTEREST CREDIT,IB,N
FT900238,10013801,100138,2026-06-29,2026-06-29,-942228.57,DEBIT,NEW.BEN.998,VENDOR PAYMENT,RTGS,Y
FT900239,10010101,100101,2026-05-14,2026-05-14,-1007953.19,DEBIT,VENDOR.Z,NEW BENEFICIARY PAYOUT,SWIFT,Y
FT900240,10010302,100103,2026-07-05,2026-07-05,59329.82,CREDIT,CASH.IN,INTEREST CREDIT,ACH,N
FT900241,10012201,100122,2026-05-26,2026-05-26,-47808.8,DEBIT,UTIL.CO,FOOD ORDER,SWIFT,N
FT900242,10021203,100212,2026-06-09,2026-06-09,-1816.93,DEBIT,10013202,EMI PAYMENT,RTGS,N
FT900243,10017601,100176,2026-06-15,2026-06-15,6556.31,CREDIT,BANK.INT,CASH DEPOSIT,UPI,N
FT900244,10016701,100167,2026-06-19,2026-06-19,-64970.24,DEBIT,SIP.MF,EMI PAYMENT,NEFT,N
FT900245,10010602,100106,2026-05-12,2026-05-12,-12221.48,DEBIT,UTIL.CO,MUTUAL FUND SIP,UPI,N
FT900246,10018701,100187,2026-06-23,2026-06-23,218429.96,CREDIT,CLIENT.A,INTEREST CREDIT,ATM,N
FT900247,10015202,100152,2026-07-09,2026-07-09,-72787.86,DEBIT,LANDLORD,UTILITY BILL,NEFT,N
FT900248,10012901,100129,2026-05-18,2026-05-18,-43354.17,DEBIT,UTIL.CO,UPI PURCHASE,ATM,N
FT900249,10016902,100169,2026-07-23,2026-07-23,-1723.11,DEBIT,UTIL.CO,EMI PAYMENT,UPI,N
FT900250,10013501,100135,2026-06-10,2026-06-10,-75893.26,DEBIT,UTIL.CO,EMI PAYMENT,ATM,N
FT900251,10013201,100132,2026-08-04,2026-08-04,-76899.58,DEBIT,LANDLORD,OWN ACCOUNT TRANSFER,ACH,N
FT900252,10016001,100160,2026-07-18,2026-07-18,-10610.52,DEBIT,10010301,ATM WITHDRAWAL,IB,N
FT900253,10015703,100157,2026-07-27,2026-07-27,149897.45,CREDIT,CLIENT.A,BUSINESS RECEIPT,UPI,N
FT900254,10010502,100105,2026-07-31,2026-07-31,120197.35,CREDIT,CASH.IN,CASH DEPOSIT,SWIFT,N
FT900255,10018501,100185,2026-05-29,2026-05-29,-37960.37,DEBIT,UTIL.CO,UTILITY BILL,ACH,N
FT900256,10010701,100107,2026-08-04,2026-08-04,237649.11,CREDIT,CLIENT.A,SALARY CREDIT,NEFT,N
FT900257,10014501,100145,2026-07-02,2026-07-02,-74175.55,DEBIT,10015702,RENT TRANSFER,UPI,N
FT900258,10017301,100173,2026-08-03,2026-08-03,-32448.85,DEBIT,10010502,ATM WITHDRAWAL,ACH,N
FT900259,10018602,100186,2026-07-08,2026-07-08,-75137.22,DEBIT,10017901,UTILITY BILL,ATM,N
FT900260,10021703,100217,2026-06-27,2026-06-27,11550.97,CREDIT,SALARY,CASH DEPOSIT,SWIFT,N
FT900261,10020402,100204,2026-08-03,2026-08-03,130638.26,CREDIT,CASH.IN,SALARY CREDIT,UPI,N
FT900262,10010901,100109,2026-06-07,2026-06-07,-50488.82,DEBIT,UTIL.CO,EMI PAYMENT,SWIFT,N
FT900263,10020001,100200,2026-06-24,2026-06-24,-66226.92,DEBIT,UTIL.CO,MUTUAL FUND SIP,SWIFT,N
FT900264,10016501,100165,2026-06-29,2026-06-29,130208.47,CREDIT,CLIENT.A,SALARY CREDIT,RTGS,N
FT900265,10020301,100203,2026-05-18,2026-05-18,-14463.73,DEBIT,10018002,EMI PAYMENT,IB,N
FT900266,10018902,100189,2026-06-28,2026-06-28,-14392.4,DEBIT,UTIL.CO,FOOD ORDER,IB,N
FT900267,10011902,100119,2026-07-31,2026-07-31,226976.29,CREDIT,CLIENT.A,CASH DEPOSIT,RTGS,N
FT900268,10012701,100127,2026-07-07,2026-07-07,159249.96,CREDIT,SALARY,CASH DEPOSIT,ACH,N
FT900269,10018801,100188,2026-06-18,2026-06-18,-75985.34,DEBIT,10015001,EMI PAYMENT,ATM,N
FT900270,10011001,100110,2026-05-21,2026-05-21,-69717.3,DEBIT,UTIL.CO,OWN ACCOUNT TRANSFER,ATM,N
FT900271,10013201,100132,2026-08-02,2026-08-02,106056.26,CREDIT,BANK.INT,CASH DEPOSIT,IB,N
FT900272,10020101,100201,2026-07-19,2026-07-19,-71893.5,DEBIT,UPI.MERCHANT,UPI PURCHASE,IB,N
FT900273,10015403,100154,2026-07-17,2026-07-17,-833511.69,DEBIT,NEW.BEN.998,BULK SUPPLIER PAY,SWIFT,Y
FT900274,10021102,100211,2026-06-26,2026-06-26,119976.57,CREDIT,CASH.IN,BUSINESS RECEIPT,RTGS,N
FT900275,10011701,100117,2026-07-19,2026-07-19,220777.63,CREDIT,BANK.INT,SALARY CREDIT,UPI,N
FT900276,10014502,100145,2026-05-19,2026-05-19,-993784.24,DEBIT,NEW.BEN.998,VENDOR PAYMENT,IB,Y
FT900277,10010701,100107,2026-05-07,2026-05-07,84115.55,CREDIT,SALARY,BUSINESS RECEIPT,NEFT,N
FT900278,10012402,100124,2026-07-13,2026-07-13,-53800.03,DEBIT,10018402,UPI PURCHASE,UPI,N
FT900279,10013901,100139,2026-05-12,2026-05-12,91326.78,CREDIT,SALARY,CASH DEPOSIT,ATM,N
FT900280,10016601,100166,2026-05-09,2026-05-09,-5506.57,DEBIT,10015601,UTILITY BILL,SWIFT,N
FT900281,10016403,100164,2026-06-22,2026-06-22,-68766.69,DEBIT,10014401,RENT TRANSFER,RTGS,N
FT900282,10021703,100217,2026-05-12,2026-05-12,-4748.95,DEBIT,10017901,ATM WITHDRAWAL,ATM,N
FT900283,10020902,100209,2026-06-24,2026-06-24,246597.05,CREDIT,BANK.INT,BUSINESS RECEIPT,SWIFT,N
FT900284,10017101,100171,2026-07-18,2026-07-18,89755.63,CREDIT,CLIENT.A,BUSINESS RECEIPT,ATM,N
FT900285,10021201,100212,2026-07-18,2026-07-18,124141.1,CREDIT,CLIENT.A,INTEREST CREDIT,ACH,N
FT900286,10015102,100151,2026-08-03,2026-08-03,-9544.75,DEBIT,UPI.MERCHANT,ATM WITHDRAWAL,IB,N
FT900287,10014502,100145,2026-07-21,2026-07-21,-3734.83,DEBIT,10014601,UTILITY BILL,ACH,N
FT900288,10014701,100147,2026-06-09,2026-06-09,-451174.99,DEBIT,NEW.BEN.998,VENDOR PAYMENT,RTGS,Y
FT900289,10016701,100167,2026-06-13,2026-06-13,-589.89,DEBIT,SIP.MF,OWN ACCOUNT TRANSFER,SWIFT,N
FT900290,10019001,100190,2026-06-12,2026-06-12,208346.61,CREDIT,CLIENT.A,BUSINESS RECEIPT,IB,N
FT900291,10017602,100176,2026-07-01,2026-07-01,-63800.63,DEBIT,UTIL.CO,FOOD ORDER,ACH,N
FT900292,10013403,100134,2026-08-04,2026-08-04,-37051.36,DEBIT,LANDLORD,EMI PAYMENT,NEFT,N
FT900293,10011301,100113,2026-07-08,2026-07-08,-58024.64,DEBIT,10014201,MUTUAL FUND SIP,ATM,N
FT900294,10010302,100103,2026-05-09,2026-05-09,200284.76,CREDIT,BANK.INT,INTEREST CREDIT,NEFT,N
FT900295,10013301,100133,2026-07-13,2026-07-13,245937.45,CREDIT,CLIENT.A,SALARY CREDIT,NEFT,N
FT900296,10018802,100188,2026-07-30,2026-07-30,-62609.28,DEBIT,SIP.MF,RENT TRANSFER,SWIFT,N
FT900297,10010701,100107,2026-06-08,2026-06-08,-70176.19,DEBIT,LANDLORD,RENT TRANSFER,ACH,N
FT900298,10014702,100147,2026-05-12,2026-05-12,-29999.83,DEBIT,UTIL.CO,UPI PURCHASE,IB,N
FT900299,10020101,100201,2026-08-02,2026-08-02,-12410.81,DEBIT,LANDLORD,FOOD ORDER,ATM,N
FT900300,10021702,100217,2026-07-26,2026-07-26,-61581.56,DEBIT,10011302,OWN ACCOUNT TRANSFER,UPI,N
FT900301,10012901,100129,2026-05-01,2026-05-01,98121.88,CREDIT,SALARY,SALARY CREDIT,ACH,N
FT900302,10017001,100170,2026-06-12,2026-06-12,149383.32,CREDIT,SALARY,INTEREST CREDIT,SWIFT,N
FT900303,10020601,100206,2026-05-03,2026-05-03,-61317.8,DEBIT,SIP.MF,RENT TRANSFER,ATM,N
FT900304,10017001,100170,2026-07-08,2026-07-08,-16124.39,DEBIT,SIP.MF,ATM WITHDRAWAL,NEFT,N
FT900305,10017101,100171,2026-06-05,2026-06-05,69618.24,CREDIT,CLIENT.A,INTEREST CREDIT,IB,N
FT900306,10012501,100125,2026-07-09,2026-07-09,-790528.57,DEBIT,OFFSHORE.X,OFFSHORE REMIT,RTGS,Y
FT900307,10018001,100180,2026-07-13,2026-07-13,-75467.9,DEBIT,SIP.MF,MUTUAL FUND SIP,UPI,N
FT900308,10015302,100153,2026-05-07,2026-05-07,-71390.22,DEBIT,LANDLORD,MUTUAL FUND SIP,ATM,N
FT900309,10012901,100129,2026-05-12,2026-05-12,-194653.3,DEBIT,NEW.BEN.998,NEW BENEFICIARY PAYOUT,IB,Y
FT900310,10019702,100197,2026-07-18,2026-07-18,223036.42,CREDIT,CASH.IN,CASH DEPOSIT,ATM,N
FT900311,10018101,100181,2026-05-11,2026-05-11,-60696.36,DEBIT,10021001,ATM WITHDRAWAL,RTGS,N
FT900312,10020502,100205,2026-05-13,2026-05-13,-64207.8,DEBIT,LANDLORD,RENT TRANSFER,SWIFT,N
FT900313,10020401,100204,2026-05-30,2026-05-30,192090.39,CREDIT,CASH.IN,INTEREST CREDIT,RTGS,N
FT900314,10014902,100149,2026-05-24,2026-05-24,228389.68,CREDIT,CASH.IN,BUSINESS RECEIPT,NEFT,N
FT900315,10017501,100175,2026-05-15,2026-05-15,-39051.79,DEBIT,LANDLORD,OWN ACCOUNT TRANSFER,ACH,N
FT900316,10018001,100180,2026-05-17,2026-05-17,-61458.53,DEBIT,10018301,UPI PURCHASE,NEFT,N
FT900317,10021303,100213,2026-06-08,2026-06-08,28531.36,CREDIT,SALARY,CASH DEPOSIT,SWIFT,N
FT900318,10021901,100219,2026-07-10,2026-07-10,61166.67,CREDIT,CLIENT.A,BUSINESS RECEIPT,ACH,N
FT900319,10013501,100135,2026-06-25,2026-06-25,-27323.06,DEBIT,10021101,UTILITY BILL,IB,N
FT900320,10019902,100199,2026-08-03,2026-08-03,-55561.24,DEBIT,UPI.MERCHANT,OWN ACCOUNT TRANSFER,ATM,N
FT900321,10020903,100209,2026-06-26,2026-06-26,82693.77,CREDIT,SALARY,BUSINESS RECEIPT,ACH,N
FT900322,10013901,100139,2026-08-07,2026-08-07,-47900.91,DEBIT,10019502,UTILITY BILL,IB,N
FT900323,10018601,100186,2026-05-18,2026-05-18,17247.59,CREDIT,CLIENT.A,INTEREST CREDIT,RTGS,N
FT900324,10010001,100100,2026-06-19,2026-06-19,114337.66,CREDIT,BANK.INT,INTEREST CREDIT,UPI,N
FT900325,10020201,100202,2026-06-25,2026-06-25,76334.36,CREDIT,BANK.INT,INTEREST CREDIT,NEFT,N
FT900326,10017801,100178,2026-05-17,2026-05-17,153649.71,CREDIT,CASH.IN,BUSINESS RECEIPT,IB,N
FT900327,10016501,100165,2026-06-15,2026-06-15,-41231.24,DEBIT,NEW.BEN.777,OFFSHORE REMIT,IB,Y
FT900328,10012403,100124,2026-07-20,2026-07-20,109065.44,CREDIT,CASH.IN,SALARY CREDIT,UPI,N
FT900329,10017101,100171,2026-06-30,2026-06-30,-34871.68,DEBIT,UTIL.CO,UTILITY BILL,ACH,N
FT900330,10013002,100130,2026-05-20,2026-05-20,-73966.12,DEBIT,LANDLORD,UTILITY BILL,SWIFT,N
FT900331,10016401,100164,2026-07-22,2026-07-22,35300.81,CREDIT,SALARY,INTEREST CREDIT,UPI,N
FT900332,10010301,100103,2026-05-18,2026-05-18,-34995.14,DEBIT,UPI.MERCHANT,FOOD ORDER,RTGS,N
FT900333,10019501,100195,2026-06-28,2026-06-28,232717.13,CREDIT,CLIENT.A,CASH DEPOSIT,ATM,N
FT900334,10021401,100214,2026-07-17,2026-07-17,-28489.05,DEBIT,LANDLORD,FOOD ORDER,ACH,N
FT900335,10010101,100101,2026-06-22,2026-06-22,178608.24,CREDIT,BANK.INT,CASH DEPOSIT,UPI,N
FT900336,10018401,100184,2026-05-15,2026-05-15,-745571.47,DEBIT,VENDOR.Z,URGENT INVOICE,RTGS,Y
FT900337,10020901,100209,2026-06-29,2026-06-29,-58441.82,DEBIT,SIP.MF,RENT TRANSFER,UPI,N
FT900338,10021601,100216,2026-07-27,2026-07-27,-398037.7,DEBIT,NEW.BEN.998,OFFSHORE REMIT,IB,Y
FT900339,10017001,100170,2026-07-05,2026-07-05,-62304.32,DEBIT,LANDLORD,OWN ACCOUNT TRANSFER,ATM,N
FT900340,10020601,100206,2026-06-07,2026-06-07,-28297.87,DEBIT,SIP.MF,OWN ACCOUNT TRANSFER,ACH,N
FT900341,10013701,100137,2026-06-03,2026-06-03,-483943.43,DEBIT,NEW.BEN.777,OFFSHORE REMIT,RTGS,Y
FT900342,10011303,100113,2026-08-03,2026-08-03,144069.28,CREDIT,BANK.INT,BUSINESS RECEIPT,UPI,N
FT900343,10010601,100106,2026-06-02,2026-06-02,-40497.13,DEBIT,SIP.MF,RENT TRANSFER,UPI,N
FT900344,10012901,100129,2026-07-17,2026-07-17,-20630.76,DEBIT,UPI.MERCHANT,MUTUAL FUND SIP,SWIFT,N
FT900345,10013802,100138,2026-05-23,2026-05-23,165470.6,CREDIT,BANK.INT,CASH DEPOSIT,UPI,N
FT900346,10015701,100157,2026-06-13,2026-06-13,-14546.65,DEBIT,UPI.MERCHANT,ATM WITHDRAWAL,ACH,N
FT900347,10011802,100118,2026-08-05,2026-08-05,40229.27,CREDIT,CASH.IN,BUSINESS RECEIPT,SWIFT,N
FT900348,10019401,100194,2026-05-27,2026-05-27,-35270.78,DEBIT,UTIL.CO,ATM WITHDRAWAL,RTGS,N
FT900349,10017801,100178,2026-06-21,2026-06-21,-116683.87,DEBIT,CRYPTO.X,CRYPTO TOPUP,IB,Y
FT900350,10020703,100207,2026-06-18,2026-06-18,230769.89,CREDIT,CLIENT.A,CASH DEPOSIT,SWIFT,N
FT900351,10018901,100189,2026-06-27,2026-06-27,-69635.19,DEBIT,SIP.MF,UPI PURCHASE,ATM,N
FT900352,10018701,100187,2026-07-21,2026-07-21,-76474.07,DEBIT,10011301,EMI PAYMENT,RTGS,N
FT900353,10018002,100180,2026-06-12,2026-06-12,-73451.56,DEBIT,SIP.MF,UTILITY BILL,ATM,N
FT900354,10015801,100158,2026-08-07,2026-08-07,-52382.03,DEBIT,LANDLORD,RENT TRANSFER,NEFT,N
FT900355,10015301,100153,2026-07-26,2026-07-26,50341.57,CREDIT,BANK.INT,BUSINESS RECEIPT,SWIFT,N
FT900356,10013902,100139,2026-05-02,2026-05-02,4102.09,CREDIT,SALARY,SALARY CREDIT,RTGS,N
FT900357,10019401,100194,2026-06-02,2026-06-02,-35730.78,DEBIT,SIP.MF,RENT TRANSFER,RTGS,N
FT900358,10014301,100143,2026-07-24,2026-07-24,-123047.59,DEBIT,NEW.BEN.777,OFFSHORE REMIT,IB,Y
FT900359,10014801,100148,2026-05-12,2026-05-12,177602.63,CREDIT,SALARY,INTEREST CREDIT,IB,N
FT900360,10012901,100129,2026-05-15,2026-05-15,201193.62,CREDIT,CLIENT.A,INTEREST CREDIT,ATM,N
FT900361,10014001,100140,2026-06-05,2026-06-05,-74900.95,DEBIT,LANDLORD,FOOD ORDER,RTGS,N
FT900362,10019703,100197,2026-05-21,2026-05-21,9649.48,CREDIT,BANK.INT,INTEREST CREDIT,SWIFT,N
FT900363,10011602,100116,2026-06-03,2026-06-03,98370.43,CREDIT,SALARY,SALARY CREDIT,ACH,N
FT900364,10015703,100157,2026-06-20,2026-06-20,-78355.82,DEBIT,10012602,RENT TRANSFER,ACH,N
FT900365,10013901,100139,2026-07-18,2026-07-18,-43296.51,DEBIT,UTIL.CO,RENT TRANSFER,UPI,N
FT900366,10012401,100124,2026-05-10,2026-05-10,27615.2,CREDIT,SALARY,CASH DEPOSIT,NEFT,N
FT900367,10015402,100154,2026-05-05,2026-05-05,38915.86,CREDIT,SALARY,SALARY CREDIT,ACH,N
FT900368,10018901,100189,2026-07-05,2026-07-05,226345.15,CREDIT,SALARY,CASH DEPOSIT,NEFT,N
FT900369,10021101,100211,2026-07-09,2026-07-09,-58248.62,DEBIT,UPI.MERCHANT,UTILITY BILL,SWIFT,N
FT900370,10015001,100150,2026-06-15,2026-06-15,-216957.33,DEBIT,NEW.BEN.777,NEW BENEFICIARY PAYOUT,SWIFT,Y
FT900371,10017601,100176,2026-06-16,2026-06-16,-50618.57,DEBIT,UPI.MERCHANT,UTILITY BILL,IB,N
FT900372,10021902,100219,2026-07-22,2026-07-22,-67310.41,DEBIT,SIP.MF,OWN ACCOUNT TRANSFER,IB,N
FT900373,10014501,100145,2026-07-29,2026-07-29,165862.05,CREDIT,BANK.INT,SALARY CREDIT,ACH,N
FT900374,10018901,100189,2026-07-20,2026-07-20,91096.76,CREDIT,SALARY,INTEREST CREDIT,RTGS,N
FT900375,10020001,100200,2026-05-31,2026-05-31,-15528.11,DEBIT,10020001,UPI PURCHASE,IB,N
FT900376,10021001,100210,2026-05-03,2026-05-03,-24687.7,DEBIT,LANDLORD,EMI PAYMENT,RTGS,N
FT900377,10010801,100108,2026-05-28,2026-05-28,-57708.86,DEBIT,UPI.MERCHANT,OWN ACCOUNT TRANSFER,SWIFT,N
FT900378,10021702,100217,2026-08-03,2026-08-03,218815.34,CREDIT,CLIENT.A,INTEREST CREDIT,SWIFT,N
FT900379,10015102,100151,2026-06-30,2026-06-30,37114.44,CREDIT,SALARY,SALARY CREDIT,RTGS,N
FT900380,10011002,100110,2026-06-09,2026-06-09,5562.57,CREDIT,SALARY,INTEREST CREDIT,UPI,N
FT900381,10012101,100121,2026-05-15,2026-05-15,-47324.29,DEBIT,UPI.MERCHANT,UPI PURCHASE,SWIFT,N
FT900382,10021201,100212,2026-06-24,2026-06-24,17651.31,CREDIT,CLIENT.A,BUSINESS RECEIPT,UPI,N
FT900383,10017602,100176,2026-07-27,2026-07-27,101698.14,CREDIT,SALARY,CASH DEPOSIT,RTGS,N
FT900384,10013001,100130,2026-05-09,2026-05-09,-3742.37,DEBIT,SIP.MF,ATM WITHDRAWAL,SWIFT,N
FT900385,10012602,100126,2026-06-26,2026-06-26,-55734.03,DEBIT,UTIL.CO,UTILITY BILL,UPI,N
FT900386,10015301,100153,2026-08-08,2026-08-08,26792.03,CREDIT,CASH.IN,SALARY CREDIT,UPI,N
FT900387,10013501,100135,2026-05-12,2026-05-12,-49270.38,DEBIT,OFFSHORE.X,BULK SUPPLIER PAY,IB,Y
FT900388,10016301,100163,2026-07-06,2026-07-06,-10238.7,DEBIT,SIP.MF,FOOD ORDER,RTGS,N
FT900389,10020301,100203,2026-07-31,2026-07-31,-55364.72,DEBIT,UTIL.CO,UPI PURCHASE,ATM,N
FT900390,10021203,100212,2026-06-23,2026-06-23,-66136.04,DEBIT,SIP.MF,RENT TRANSFER,RTGS,N
FT900391,10010002,100100,2026-06-16,2026-06-16,-78929.62,DEBIT,10011301,ATM WITHDRAWAL,IB,N
FT900392,10021302,100213,2026-05-25,2026-05-25,53610.96,CREDIT,SALARY,INTEREST CREDIT,RTGS,N
FT900393,10012501,100125,2026-07-03,2026-07-03,242206.31,CREDIT,CASH.IN,INTEREST CREDIT,SWIFT,N
FT900394,10013901,100139,2026-05-27,2026-05-27,161925.49,CREDIT,BANK.INT,SALARY CREDIT,IB,N
FT900395,10019902,100199,2026-05-06,2026-05-06,222739.74,CREDIT,CASH.IN,BUSINESS RECEIPT,SWIFT,N
FT900396,10012301,100123,2026-07-05,2026-07-05,-12727.84,DEBIT,LANDLORD,EMI PAYMENT,UPI,N
FT900397,10012601,100126,2026-05-26,2026-05-26,-23820.83,DEBIT,CRYPTO.X,VENDOR PAYMENT,RTGS,Y
FT900398,10017302,100173,2026-05-26,2026-05-26,-18299.79,DEBIT,LANDLORD,RENT TRANSFER,NEFT,N
FT900399,10018502,100185,2026-05-19,2026-05-19,-46848.87,DEBIT,LANDLORD,RENT TRANSFER,ACH,N
FT900400,10014702,100147,2026-08-01,2026-08-01,-31047.69,DEBIT,LANDLORD,FOOD ORDER,UPI,N
FT900401,10014301,100143,2026-05-08,2026-05-08,-26937.72,DEBIT,10010401,MUTUAL FUND SIP,UPI,N
FT900402,10016201,100162,2026-05-29,2026-05-29,-33516.08,DEBIT,SIP.MF,FOOD ORDER,ACH,N
FT900403,10016501,100165,2026-05-12,2026-05-12,226583.37,CREDIT,CLIENT.A,INTEREST CREDIT,ATM,N
FT900404,10019401,100194,2026-06-29,2026-06-29,-79653.58,DEBIT,LANDLORD,FOOD ORDER,SWIFT,N
FT900405,10016101,100161,2026-06-11,2026-06-11,-1313993.77,DEBIT,OFFSHORE.X,BULK SUPPLIER PAY,RTGS,Y
FT900406,10019902,100199,2026-06-23,2026-06-23,228611.17,CREDIT,SALARY,BUSINESS RECEIPT,UPI,N
FT900407,10011001,100110,2026-06-24,2026-06-24,-1162165.33,DEBIT,NEW.BEN.998,BULK SUPPLIER PAY,RTGS,Y
FT900408,10021802,100218,2026-05-31,2026-05-31,26303.8,CREDIT,CASH.IN,CASH DEPOSIT,SWIFT,N
FT900409,10011801,100118,2026-05-17,2026-05-17,183483.0,CREDIT,CLIENT.A,SALARY CREDIT,RTGS,N
FT900410,10018102,100181,2026-05-21,2026-05-21,5950.68,CREDIT,BANK.INT,INTEREST CREDIT,IB,N
FT900411,10020403,100204,2026-06-29,2026-06-29,8054.54,CREDIT,CASH.IN,CASH DEPOSIT,ATM,N
FT900412,10013002,100130,2026-07-30,2026-07-30,-63209.71,DEBIT,LANDLORD,UTILITY BILL,UPI,N
FT900413,10010001,100100,2026-05-05,2026-05-05,-71485.41,DEBIT,10014402,RENT TRANSFER,ACH,N
FT900414,10016502,100165,2026-05-27,2026-05-27,-75693.03,DEBIT,10017401,MUTUAL FUND SIP,RTGS,N
FT900415,10011702,100117,2026-05-07,2026-05-07,-74586.24,DEBIT,SIP.MF,OWN ACCOUNT TRANSFER,RTGS,N
FT900416,10012403,100124,2026-07-22,2026-07-22,-3365.86,DEBIT,UTIL.CO,FOOD ORDER,ATM,N
FT900417,10011501,100115,2026-05-15,2026-05-15,-78502.0,DEBIT,10013102,ATM WITHDRAWAL,UPI,N
FT900418,10020801,100208,2026-08-05,2026-08-05,239857.73,CREDIT,CLIENT.A,BUSINESS RECEIPT,SWIFT,N
FT900419,10015001,100150,2026-05-09,2026-05-09,-54450.12,DEBIT,UPI.MERCHANT,MUTUAL FUND SIP,ATM,N
FT900420,10018501,100185,2026-07-30,2026-07-30,-42181.94,DEBIT,LANDLORD,FOOD ORDER,ATM,N
FT900421,10021901,100219,2026-05-25,2026-05-25,-36213.07,DEBIT,UPI.MERCHANT,EMI PAYMENT,NEFT,N
FT900422,10020402,100204,2026-05-22,2026-05-22,-23140.98,DEBIT,UPI.MERCHANT,UTILITY BILL,UPI,N
FT900423,10016001,100160,2026-07-20,2026-07-20,-12124.8,DEBIT,10012701,UPI PURCHASE,ACH,N
FT900424,10010501,100105,2026-06-14,2026-06-14,233066.93,CREDIT,CASH.IN,INTEREST CREDIT,ATM,N
FT900425,10019601,100196,2026-05-03,2026-05-03,3714.81,CREDIT,SALARY,INTEREST CREDIT,IB,N
FT900426,10015102,100151,2026-07-23,2026-07-23,-26936.6,DEBIT,SIP.MF,EMI PAYMENT,RTGS,N
FT900427,10017401,100174,2026-06-28,2026-06-28,133481.23,CREDIT,CASH.IN,INTEREST CREDIT,RTGS,N
FT900428,10016801,100168,2026-06-17,2026-06-17,-63162.49,DEBIT,LANDLORD,MUTUAL FUND SIP,UPI,N
FT900429,10016401,100164,2026-05-22,2026-05-22,89573.98,CREDIT,CASH.IN,SALARY CREDIT,UPI,N
FT900430,10013503,100135,2026-05-21,2026-05-21,-77859.17,DEBIT,UTIL.CO,MUTUAL FUND SIP,UPI,N
FT900431,10015201,100152,2026-05-24,2026-05-24,-10205.23,DEBIT,SIP.MF,OWN ACCOUNT TRANSFER,ATM,N
FT900432,10014502,100145,2026-05-19,2026-05-19,80602.05,CREDIT,BANK.INT,SALARY CREDIT,RTGS,N
FT900433,10018501,100185,2026-07-03,2026-07-03,-24194.63,DEBIT,LANDLORD,UPI PURCHASE,ATM,N
FT900434,10013201,100132,2026-07-04,2026-07-04,-443.12,DEBIT,10020301,OWN ACCOUNT TRANSFER,UPI,N
FT900435,10017501,100175,2026-07-25,2026-07-25,-71688.6,DEBIT,10020501,MUTUAL FUND SIP,ACH,N
FT900436,10013201,100132,2026-08-02,2026-08-02,85993.74,CREDIT,SALARY,CASH DEPOSIT,ACH,N
FT900437,10020801,100208,2026-06-21,2026-06-21,-44121.7,DEBIT,UPI.MERCHANT,UPI PURCHASE,RTGS,N
FT900438,10014802,100148,2026-07-14,2026-07-14,-4497.19,DEBIT,UTIL.CO,RENT TRANSFER,NEFT,N
FT900439,10021801,100218,2026-07-26,2026-07-26,-1901.64,DEBIT,LANDLORD,MUTUAL FUND SIP,UPI,N
FT900440,10011901,100119,2026-07-05,2026-07-05,-39288.18,DEBIT,10018301,UTILITY BILL,UPI,N
FT900441,10011301,100113,2026-06-17,2026-06-17,-11920.88,DEBIT,LANDLORD,OWN ACCOUNT TRANSFER,ACH,N
FT900442,10018801,100188,2026-05-12,2026-05-12,-28173.27,DEBIT,10015801,MUTUAL FUND SIP,NEFT,N
FT900443,10014702,100147,2026-06-06,2026-06-06,-79408.51,DEBIT,LANDLORD,FOOD ORDER,RTGS,N
FT900444,10013601,100136,2026-07-16,2026-07-16,-71724.66,DEBIT,10011801,UTILITY BILL,RTGS,N
FT900445,10011901,100119,2026-05-09,2026-05-09,-79071.76,DEBIT,SIP.MF,MUTUAL FUND SIP,ACH,N
FT900446,10018502,100185,2026-07-11,2026-07-11,-73161.4,DEBIT,UTIL.CO,UTILITY BILL,RTGS,N
FT900447,10020501,100205,2026-07-10,2026-07-10,-14961.91,DEBIT,SIP.MF,UPI PURCHASE,UPI,N
FT900448,10021101,100211,2026-07-03,2026-07-03,-1258494.39,DEBIT,VENDOR.Z,GAMBLING TOPUP,SWIFT,Y
FT900449,10020502,100205,2026-05-16,2026-05-16,67143.9,CREDIT,CASH.IN,SALARY CREDIT,UPI,N
FT900450,10016401,100164,2026-08-06,2026-08-06,-51618.39,DEBIT,UPI.MERCHANT,FOOD ORDER,RTGS,N
FT900451,10016101,100161,2026-07-12,2026-07-12,-59670.69,DEBIT,LANDLORD,RENT TRANSFER,ATM,N
FT900452,10019902,100199,2026-06-17,2026-06-17,120058.1,CREDIT,SALARY,INTEREST CREDIT,RTGS,N
FT900453,10021501,100215,2026-05-19,2026-05-19,66365.22,CREDIT,SALARY,SALARY CREDIT,SWIFT,N
FT900454,10017201,100172,2026-06-04,2026-06-04,90631.6,CREDIT,SALARY,CASH DEPOSIT,UPI,N
FT900455,10018201,100182,2026-07-05,2026-07-05,-23259.51,DEBIT,UPI.MERCHANT,OWN ACCOUNT TRANSFER,IB,N
FT900456,10014301,100143,2026-07-09,2026-07-09,-7651.24,DEBIT,UTIL.CO,UPI PURCHASE,SWIFT,N
FT900457,10017301,100173,2026-05-13,2026-05-13,76665.93,CREDIT,BANK.INT,INTEREST CREDIT,SWIFT,N
FT900458,10021902,100219,2026-08-08,2026-08-08,-11042.26,DEBIT,SIP.MF,UPI PURCHASE,IB,N
FT900459,10020902,100209,2026-05-25,2026-05-25,-17508.31,DEBIT,UTIL.CO,UPI PURCHASE,IB,N
FT900460,10021801,100218,2026-06-23,2026-06-23,176161.69,CREDIT,SALARY,CASH DEPOSIT,ATM,N
FT900461,10020501,100205,2026-06-14,2026-06-14,-10585.45,DEBIT,LANDLORD,RENT TRANSFER,SWIFT,N
FT900462,10017001,100170,2026-08-06,2026-08-06,-35410.84,DEBIT,10018201,UPI PURCHASE,SWIFT,N
FT900463,10017701,100177,2026-05-17,2026-05-17,-59582.37,DEBIT,UTIL.CO,MUTUAL FUND SIP,IB,N
FT900464,10013101,100131,2026-07-28,2026-07-28,-16866.3,DEBIT,LANDLORD,MUTUAL FUND SIP,UPI,N
FT900465,10012403,100124,2026-05-26,2026-05-26,-1145707.69,DEBIT,NEW.BEN.998,GAMBLING TOPUP,SWIFT,Y
FT900466,10012401,100124,2026-05-16,2026-05-16,-906037.21,DEBIT,CRYPTO.X,NEW BENEFICIARY PAYOUT,RTGS,Y
FT900467,10015403,100154,2026-08-09,2026-08-09,-54997.7,DEBIT,NEW.BEN.998,CRYPTO TOPUP,RTGS,Y
FT900468,10012701,100127,2026-05-04,2026-05-04,-72103.87,DEBIT,SIP.MF,ATM WITHDRAWAL,ATM,N
FT900469,10011902,100119,2026-06-15,2026-06-15,237300.32,CREDIT,BANK.INT,CASH DEPOSIT,NEFT,N
FT900470,10013503,100135,2026-05-13,2026-05-13,61971.99,CREDIT,SALARY,CASH DEPOSIT,ATM,N
FT900471,10010201,100102,2026-08-05,2026-08-05,241137.42,CREDIT,CLIENT.A,CASH DEPOSIT,UPI,N
FT900472,10010002,100100,2026-06-16,2026-06-16,-73646.13,DEBIT,LANDLORD,RENT TRANSFER,UPI,N
FT900473,10014101,100141,2026-05-28,2026-05-28,-66795.9,DEBIT,LANDLORD,RENT TRANSFER,UPI,N
FT900474,10021501,100215,2026-05-15,2026-05-15,-78770.56,DEBIT,LANDLORD,RENT TRANSFER,SWIFT,N
FT900475,10021701,100217,2026-05-11,2026-05-11,-23132.87,DEBIT,UPI.MERCHANT,OWN ACCOUNT TRANSFER,RTGS,N
FT900476,10017401,100174,2026-07-27,2026-07-27,-36609.97,DEBIT,SIP.MF,UTILITY BILL,NEFT,N
FT900477,10020101,100201,2026-05-09,2026-05-09,-78798.49,DEBIT,UTIL.CO,UTILITY BILL,NEFT,N
FT900478,10020703,100207,2026-07-26,2026-07-26,-1121.59,DEBIT,LANDLORD,OWN ACCOUNT TRANSFER,UPI,N
FT900479,10012302,100123,2026-06-20,2026-06-20,-54153.84,DEBIT,UTIL.CO,EMI PAYMENT,RTGS,N
FT900480,10019101,100191,2026-06-16,2026-06-16,-74030.7,DEBIT,UPI.MERCHANT,RENT TRANSFER,RTGS,N
FT900481,10014401,100144,2026-05-30,2026-05-30,247684.01,CREDIT,SALARY,BUSINESS RECEIPT,SWIFT,N
FT900482,10019701,100197,2026-06-04,2026-06-04,-2855.41,DEBIT,10018001,MUTUAL FUND SIP,SWIFT,N
FT900483,10019101,100191,2026-07-05,2026-07-05,237634.43,CREDIT,CASH.IN,INTEREST CREDIT,ATM,N
FT900484,10016101,100161,2026-05-30,2026-05-30,-9862.99,DEBIT,LANDLORD,FOOD ORDER,IB,N
FT900485,10012903,100129,2026-07-26,2026-07-26,-1252256.2,DEBIT,CRYPTO.X,NEW BENEFICIARY PAYOUT,IB,Y
FT900486,10010601,100106,2026-07-19,2026-07-19,-54368.43,DEBIT,SIP.MF,UTILITY BILL,ATM,N
FT900487,10012101,100121,2026-06-29,2026-06-29,130947.33,CREDIT,CASH.IN,INTEREST CREDIT,SWIFT,N
FT900488,10014403,100144,2026-07-09,2026-07-09,-40433.1,DEBIT,SIP.MF,FOOD ORDER,ACH,N
FT900489,10010301,100103,2026-06-19,2026-06-19,220271.17,CREDIT,SALARY,SALARY CREDIT,ACH,N
FT900490,10020202,100202,2026-07-11,2026-07-11,-36826.53,DEBIT,UTIL.CO,UTILITY BILL,ACH,N
FT900491,10016801,100168,2026-07-02,2026-07-02,-34511.42,DEBIT,LANDLORD,UPI PURCHASE,ACH,N
FT900492,10012403,100124,2026-06-30,2026-06-30,-44347.33,DEBIT,10017401,FOOD ORDER,RTGS,N
FT900493,10020703,100207,2026-07-15,2026-07-15,-4553.4,DEBIT,LANDLORD,UPI PURCHASE,ATM,N
FT900494,10018601,100186,2026-05-04,2026-05-04,-78224.86,DEBIT,UPI.MERCHANT,OWN ACCOUNT TRANSFER,SWIFT,N
FT900495,10011002,100110,2026-08-06,2026-08-06,-64783.32,DEBIT,UPI.MERCHANT,OWN ACCOUNT TRANSFER,NEFT,N
FT900496,10017701,100177,2026-05-08,2026-05-08,-79356.45,DEBIT,SIP.MF,UTILITY BILL,NEFT,N
FT900497,10015302,100153,2026-06-09,2026-06-09,148947.85,CREDIT,SALARY,INTEREST CREDIT,NEFT,N
FT900498,10012501,100125,2026-07-24,2026-07-24,82876.98,CREDIT,CASH.IN,SALARY CREDIT,ATM,N
FT900499,10019601,100196,2026-05-03,2026-05-03,-86.51,DEBIT,10016302,UTILITY BILL,NEFT,N
FT900500,10017101,100171,2026-05-13,2026-05-13,-45845.84,DEBIT,LANDLORD,UTILITY BILL,NEFT,N
FT900501,10014502,100145,2026-07-18,2026-07-18,-61215.82,DEBIT,UTIL.CO,EMI PAYMENT,SWIFT,N
FT900502,10016601,100166,2026-07-08,2026-07-08,-39806.44,DEBIT,UPI.MERCHANT,UTILITY BILL,UPI,N
FT900503,10014702,100147,2026-05-29,2026-05-29,249064.47,CREDIT,CASH.IN,SALARY CREDIT,NEFT,N
FT900504,10012001,100120,2026-05-09,2026-05-09,148782.43,CREDIT,BANK.INT,BUSINESS RECEIPT,IB,N
FT900505,10021802,100218,2026-07-04,2026-07-04,-63672.57,DEBIT,SIP.MF,ATM WITHDRAWAL,NEFT,N
FT900506,10016701,100167,2026-07-19,2026-07-19,-16086.15,DEBIT,SIP.MF,EMI PAYMENT,NEFT,N
FT900507,10021502,100215,2026-05-24,2026-05-24,-70483.64,DEBIT,10018601,EMI PAYMENT,UPI,N
FT900508,10021203,100212,2026-07-12,2026-07-12,68448.12,CREDIT,CASH.IN,CASH DEPOSIT,ACH,N
FT900509,10011302,100113,2026-06-25,2026-06-25,-11904.72,DEBIT,SIP.MF,OWN ACCOUNT TRANSFER,ACH,N
FT900510,10019301,100193,2026-06-06,2026-06-06,-16364.29,DEBIT,SIP.MF,RENT TRANSFER,RTGS,N
FT900511,10013503,100135,2026-05-20,2026-05-20,102654.75,CREDIT,SALARY,BUSINESS RECEIPT,UPI,N
FT900512,10014301,100143,2026-06-25,2026-06-25,-717673.16,DEBIT,NEW.BEN.777,GAMBLING TOPUP,SWIFT,Y
FT900513,10019601,100196,2026-05-04,2026-05-04,2076.05,CREDIT,CLIENT.A,SALARY CREDIT,UPI,N
FT900514,10015601,100156,2026-08-01,2026-08-01,-44101.42,DEBIT,UPI.MERCHANT,MUTUAL FUND SIP,RTGS,N
FT900515,10020902,100209,2026-07-17,2026-07-17,224333.36,CREDIT,BANK.INT,SALARY CREDIT,SWIFT,N
FT900516,10016601,100166,2026-06-20,2026-06-20,-53766.6,DEBIT,UPI.MERCHANT,UTILITY BILL,NEFT,N
FT900517,10013002,100130,2026-07-06,2026-07-06,126061.64,CREDIT,SALARY,BUSINESS RECEIPT,RTGS,N
FT900518,10021703,100217,2026-06-12,2026-06-12,-48025.72,DEBIT,SIP.MF,RENT TRANSFER,UPI,N
FT900519,10018901,100189,2026-05-19,2026-05-19,234004.02,CREDIT,CLIENT.A,CASH DEPOSIT,UPI,N
FT900520,10012401,100124,2026-05-08,2026-05-08,-32729.21,DEBIT,10021601,MUTUAL FUND SIP,ACH,N
FT900521,10021101,100211,2026-06-30,2026-06-30,80489.51,CREDIT,CASH.IN,CASH DEPOSIT,IB,N
FT900522,10015302,100153,2026-05-03,2026-05-03,-38070.22,DEBIT,SIP.MF,UPI PURCHASE,NEFT,N
FT900523,10010702,100107,2026-06-02,2026-06-02,235330.37,CREDIT,CLIENT.A,INTEREST CREDIT,SWIFT,N
FT900524,10018801,100188,2026-07-08,2026-07-08,225982.96,CREDIT,SALARY,CASH DEPOSIT,NEFT,N
FT900525,10015103,100151,2026-06-08,2026-06-08,-72792.15,DEBIT,SIP.MF,UTILITY BILL,IB,N
FT900526,10011902,100119,2026-06-26,2026-06-26,-16909.88,DEBIT,UTIL.CO,ATM WITHDRAWAL,NEFT,N
FT900527,10017101,100171,2026-05-11,2026-05-11,197750.72,CREDIT,BANK.INT,INTEREST CREDIT,ACH,N
FT900528,10021101,100211,2026-05-21,2026-05-21,-26684.5,DEBIT,UPI.MERCHANT,UTILITY BILL,SWIFT,N
FT900529,10015701,100157,2026-08-03,2026-08-03,-48209.06,DEBIT,10021101,OWN ACCOUNT TRANSFER,ACH,N
FT900530,10017401,100174,2026-07-20,2026-07-20,14920.51,CREDIT,CLIENT.A,SALARY CREDIT,SWIFT,N
FT900531,10020101,100201,2026-06-10,2026-06-10,-32112.88,DEBIT,SIP.MF,UPI PURCHASE,IB,N
FT900532,10011801,100118,2026-07-16,2026-07-16,-57113.76,DEBIT,UTIL.CO,ATM WITHDRAWAL,ATM,N
FT900533,10019301,100193,2026-06-03,2026-06-03,-38321.4,DEBIT,UTIL.CO,OWN ACCOUNT TRANSFER,ACH,N
FT900534,10013802,100138,2026-06-17,2026-06-17,-22615.61,DEBIT,LANDLORD,OWN ACCOUNT TRANSFER,SWIFT,N
FT900535,10014001,100140,2026-05-03,2026-05-03,-70758.88,DEBIT,UPI.MERCHANT,UTILITY BILL,SWIFT,N
FT900536,10015101,100151,2026-05-07,2026-05-07,-21016.47,DEBIT,UTIL.CO,FOOD ORDER,UPI,N
FT900537,10019101,100191,2026-05-22,2026-05-22,39014.3,CREDIT,BANK.INT,BUSINESS RECEIPT,NEFT,N
FT900538,10012601,100126,2026-05-16,2026-05-16,-37238.97,DEBIT,CRYPTO.X,OFFSHORE REMIT,SWIFT,Y
FT900539,10014902,100149,2026-08-04,2026-08-04,-65091.65,DEBIT,SIP.MF,ATM WITHDRAWAL,SWIFT,N
FT900540,10021103,100211,2026-08-02,2026-08-02,-830.39,DEBIT,SIP.MF,UTILITY BILL,SWIFT,N
FT900541,10014201,100142,2026-05-31,2026-05-31,-11760.83,DEBIT,SIP.MF,UTILITY BILL,SWIFT,N
FT900542,10020301,100203,2026-05-02,2026-05-02,-54772.94,DEBIT,UPI.MERCHANT,OWN ACCOUNT TRANSFER,ATM,N
FT900543,10020601,100206,2026-07-30,2026-07-30,-31864.62,DEBIT,LANDLORD,OWN ACCOUNT TRANSFER,RTGS,N
FT900544,10019701,100197,2026-06-12,2026-06-12,-385.64,DEBIT,UPI.MERCHANT,MUTUAL FUND SIP,IB,N
FT900545,10015103,100151,2026-07-30,2026-07-30,-75151.82,DEBIT,10020902,OWN ACCOUNT TRANSFER,ATM,N
FT900546,10011002,100110,2026-07-25,2026-07-25,-596169.01,DEBIT,CRYPTO.X,OFFSHORE REMIT,RTGS,Y
FT900547,10018402,100184,2026-07-04,2026-07-04,-46480.9,DEBIT,UTIL.CO,EMI PAYMENT,IB,N
FT900548,10021101,100211,2026-06-25,2026-06-25,-7262.87,DEBIT,10019901,FOOD ORDER,UPI,N
FT900549,10013101,100131,2026-08-04,2026-08-04,-78283.48,DEBIT,SIP.MF,OWN ACCOUNT TRANSFER,IB,N
FT900550,10018201,100182,2026-07-06,2026-07-06,-49073.23,DEBIT,SIP.MF,MUTUAL FUND SIP,NEFT,N
FT900551,10017001,100170,2026-07-11,2026-07-11,-58975.85,DEBIT,UTIL.CO,UPI PURCHASE,NEFT,N
FT900552,10020001,100200,2026-06-30,2026-06-30,-375596.4,DEBIT,NEW.BEN.998,VENDOR PAYMENT,IB,Y
FT900553,10015602,100156,2026-06-26,2026-06-26,-9370.32,DEBIT,UPI.MERCHANT,FOOD ORDER,ACH,N
FT900554,10018101,100181,2026-05-16,2026-05-16,-36675.0,DEBIT,UTIL.CO,EMI PAYMENT,ACH,N
FT900555,10017902,100179,2026-06-04,2026-06-04,-66812.8,DEBIT,10020402,MUTUAL FUND SIP,UPI,N
FT900556,10014701,100147,2026-06-23,2026-06-23,192178.21,CREDIT,CLIENT.A,SALARY CREDIT,ATM,N
FT900557,10011603,100116,2026-06-06,2026-06-06,-7634.99,DEBIT,UPI.MERCHANT,FOOD ORDER,RTGS,N
FT900558,10012701,100127,2026-05-04,2026-05-04,209570.35,CREDIT,CLIENT.A,BUSINESS RECEIPT,IB,N
FT900559,10011801,100118,2026-07-16,2026-07-16,121004.06,CREDIT,BANK.INT,CASH DEPOSIT,RTGS,N
FT900560,10010002,100100,2026-06-11,2026-06-11,156346.48,CREDIT,CASH.IN,SALARY CREDIT,RTGS,N
FT900561,10012801,100128,2026-05-08,2026-05-08,161623.72,CREDIT,BANK.INT,SALARY CREDIT,SWIFT,N
FT900562,10011601,100116,2026-05-23,2026-05-23,24952.65,CREDIT,BANK.INT,BUSINESS RECEIPT,ACH,N
FT900563,10015201,100152,2026-06-19,2026-06-19,-1738.91,DEBIT,UTIL.CO,UTILITY BILL,IB,N
FT900564,10019102,100191,2026-06-25,2026-06-25,31909.29,CREDIT,CASH.IN,INTEREST CREDIT,UPI,N
FT900565,10016903,100169,2026-06-17,2026-06-17,91042.98,CREDIT,SALARY,BUSINESS RECEIPT,UPI,N
FT900566,10021501,100215,2026-06-24,2026-06-24,-38167.53,DEBIT,10017701,FOOD ORDER,ACH,N
FT900567,10011902,100119,2026-05-12,2026-05-12,-14989.83,DEBIT,LANDLORD,OWN ACCOUNT TRANSFER,ATM,N
FT900568,10010901,100109,2026-07-03,2026-07-03,-18015.99,DEBIT,UTIL.CO,FOOD ORDER,RTGS,N
FT900569,10021801,100218,2026-07-01,2026-07-01,-23327.17,DEBIT,UPI.MERCHANT,EMI PAYMENT,IB,N
FT900570,10016701,100167,2026-07-06,2026-07-06,-72242.0,DEBIT,UTIL.CO,UPI PURCHASE,RTGS,N
FT900571,10019703,100197,2026-07-05,2026-07-05,1049.0,CREDIT,SALARY,SALARY CREDIT,ATM,N
FT900572,10012401,100124,2026-06-02,2026-06-02,-37226.05,DEBIT,10020001,UTILITY BILL,IB,N
FT900573,10018002,100180,2026-05-23,2026-05-23,-40325.22,DEBIT,LANDLORD,RENT TRANSFER,SWIFT,N
FT900574,10014001,100140,2026-06-10,2026-06-10,105230.39,CREDIT,BANK.INT,SALARY CREDIT,IB,N
FT900575,10020401,100204,2026-05-28,2026-05-28,-64645.94,DEBIT,UTIL.CO,FOOD ORDER,ATM,N
FT900576,10014101,100141,2026-06-25,2026-06-25,-1312559.06,DEBIT,NEW.BEN.998,OFFSHORE REMIT,SWIFT,Y
FT900577,10021902,100219,2026-06-28,2026-06-28,-59424.72,DEBIT,CRYPTO.X,BULK SUPPLIER PAY,IB,Y
FT900578,10019201,100192,2026-07-19,2026-07-19,182026.03,CREDIT,BANK.INT,CASH DEPOSIT,ATM,N
FT900579,10018201,100182,2026-05-12,2026-05-12,99959.31,CREDIT,BANK.INT,CASH DEPOSIT,RTGS,N
FT900580,10012702,100127,2026-05-04,2026-05-04,-3264.79,DEBIT,UTIL.CO,ATM WITHDRAWAL,IB,N
FT900581,10014601,100146,2026-05-25,2026-05-25,-19418.24,DEBIT,10021302,UPI PURCHASE,RTGS,N
FT900582,10011901,100119,2026-05-22,2026-05-22,-37971.73,DEBIT,UPI.MERCHANT,FOOD ORDER,UPI,N
FT900583,10013401,100134,2026-07-14,2026-07-14,-37771.99,DEBIT,LANDLORD,FOOD ORDER,ACH,N
FT900584,10015301,100153,2026-06-12,2026-06-12,208791.96,CREDIT,SALARY,BUSINESS RECEIPT,SWIFT,N
FT900585,10010101,100101,2026-08-03,2026-08-03,244912.76,CREDIT,CASH.IN,CASH DEPOSIT,ACH,N
FT900586,10016402,100164,2026-07-26,2026-07-26,-789499.35,DEBIT,NEW.BEN.777,BULK SUPPLIER PAY,SWIFT,Y
FT900587,10021001,100210,2026-07-10,2026-07-10,6716.88,CREDIT,BANK.INT,SALARY CREDIT,ATM,N
FT900588,10011401,100114,2026-07-03,2026-07-03,222506.87,CREDIT,SALARY,INTEREST CREDIT,ACH,N
FT900589,10017901,100179,2026-06-30,2026-06-30,-12990.54,DEBIT,UTIL.CO,UTILITY BILL,IB,N
FT900590,10017801,100178,2026-07-17,2026-07-17,-47053.93,DEBIT,SIP.MF,EMI PAYMENT,UPI,N
FT900591,10020601,100206,2026-06-30,2026-06-30,-56939.68,DEBIT,SIP.MF,MUTUAL FUND SIP,RTGS,N
FT900592,10013503,100135,2026-05-17,2026-05-17,-59965.42,DEBIT,LANDLORD,MUTUAL FUND SIP,RTGS,N
FT900593,10013802,100138,2026-07-03,2026-07-03,27024.12,CREDIT,CASH.IN,BUSINESS RECEIPT,ACH,N
FT900594,10016801,100168,2026-06-15,2026-06-15,-79940.97,DEBIT,SIP.MF,EMI PAYMENT,IB,N
FT900595,10013501,100135,2026-05-15,2026-05-15,-64564.56,DEBIT,LANDLORD,EMI PAYMENT,IB,N
FT900596,10015001,100150,2026-08-07,2026-08-07,-20699.99,DEBIT,SIP.MF,ATM WITHDRAWAL,ACH,N
FT900597,10011101,100111,2026-07-17,2026-07-17,-71715.78,DEBIT,10021501,EMI PAYMENT,NEFT,N
FT900598,10012301,100123,2026-05-14,2026-05-14,-36625.14,DEBIT,UPI.MERCHANT,FOOD ORDER,SWIFT,N
FT900599,10012301,100123,2026-05-27,2026-05-27,28141.95,CREDIT,SALARY,SALARY CREDIT,ATM,N
FT900600,10018201,100182,2026-08-02,2026-08-02,-35377.28,DEBIT,LANDLORD,MUTUAL FUND SIP,RTGS,N
FT900601,10012201,100122,2026-06-26,2026-06-26,-65550.95,DEBIT,UTIL.CO,OWN ACCOUNT TRANSFER,NEFT,N
FT900602,10019501,100195,2026-06-13,2026-06-13,209033.72,CREDIT,CASH.IN,SALARY CREDIT,UPI,N
FT900603,10016401,100164,2026-06-16,2026-06-16,-29857.66,DEBIT,LANDLORD,RENT TRANSFER,NEFT,N
FT900604,10015302,100153,2026-06-22,2026-06-22,-62998.54,DEBIT,LANDLORD,EMI PAYMENT,ACH,N
FT900605,10019301,100193,2026-05-19,2026-05-19,-54607.67,DEBIT,LANDLORD,EMI PAYMENT,SWIFT,N
FT900606,10010102,100101,2026-08-07,2026-08-07,-6873.78,DEBIT,LANDLORD,EMI PAYMENT,IB,N
FT900607,10013601,100136,2026-07-13,2026-07-13,-3063.79,DEBIT,UTIL.CO,UTILITY BILL,SWIFT,N
FT900608,10011302,100113,2026-06-23,2026-06-23,165769.68,CREDIT,BANK.INT,CASH DEPOSIT,SWIFT,N
FT900609,10019102,100191,2026-06-14,2026-06-14,218639.5,CREDIT,BANK.INT,CASH DEPOSIT,ATM,N
FT900610,10010101,100101,2026-06-27,2026-06-27,-73644.0,DEBIT,LANDLORD,EMI PAYMENT,ATM,N
FT900611,10014502,100145,2026-07-29,2026-07-29,155310.49,CREDIT,CASH.IN,BUSINESS RECEIPT,SWIFT,N
FT900612,10017801,100178,2026-05-11,2026-05-11,194299.28,CREDIT,BANK.INT,INTEREST CREDIT,ACH,N
FT900613,10010801,100108,2026-07-06,2026-07-06,-57538.56,DEBIT,UTIL.CO,UTILITY BILL,RTGS,N
FT900614,10016301,100163,2026-05-03,2026-05-03,-25048.97,DEBIT,UTIL.CO,EMI PAYMENT,ATM,N
FT900615,10010601,100106,2026-08-01,2026-08-01,-20769.35,DEBIT,SIP.MF,EMI PAYMENT,ATM,N
FT900616,10019601,100196,2026-07-20,2026-07-20,-244.48,DEBIT,SIP.MF,RENT TRANSFER,RTGS,N
FT900617,10021302,100213,2026-06-27,2026-06-27,163438.68,CREDIT,SALARY,SALARY CREDIT,SWIFT,N
FT900618,10016601,100166,2026-08-04,2026-08-04,86067.11,CREDIT,CLIENT.A,SALARY CREDIT,ACH,N
FT900619,10021901,100219,2026-07-26,2026-07-26,-24006.21,DEBIT,10019201,ATM WITHDRAWAL,NEFT,N
FT900620,10013002,100130,2026-07-14,2026-07-14,-19885.9,DEBIT,10014302,EMI PAYMENT,RTGS,N
FT900621,10014301,100143,2026-06-22,2026-06-22,-7929.23,DEBIT,LANDLORD,OWN ACCOUNT TRANSFER,ACH,N
FT900622,10011801,100118,2026-06-17,2026-06-17,-38152.62,DEBIT,UPI.MERCHANT,UTILITY BILL,UPI,N
FT900623,10021801,100218,2026-07-14,2026-07-14,-62328.1,DEBIT,SIP.MF,EMI PAYMENT,ATM,N
FT900624,10021202,100212,2026-05-21,2026-05-21,-74489.75,DEBIT,LANDLORD,FOOD ORDER,RTGS,N
FT900625,10013102,100131,2026-07-07,2026-07-07,-36671.25,DEBIT,10019801,FOOD ORDER,RTGS,N
FT900626,10012601,100126,2026-06-17,2026-06-17,-135.27,DEBIT,10012001,FOOD ORDER,ACH,N
FT900627,10012602,100126,2026-05-06,2026-05-06,-9757.23,DEBIT,SIP.MF,UTILITY BILL,IB,N
FT900628,10021702,100217,2026-07-02,2026-07-02,-79282.51,DEBIT,SIP.MF,OWN ACCOUNT TRANSFER,NEFT,N
FT900629,10010601,100106,2026-06-06,2026-06-06,-47210.98,DEBIT,SIP.MF,UPI PURCHASE,SWIFT,N
FT900630,10014702,100147,2026-05-09,2026-05-09,2517.27,CREDIT,BANK.INT,CASH DEPOSIT,ACH,N
FT900631,10011001,100110,2026-08-09,2026-08-09,142309.47,CREDIT,BANK.INT,BUSINESS RECEIPT,NEFT,N
FT900632,10018601,100186,2026-07-04,2026-07-04,152216.01,CREDIT,CLIENT.A,CASH DEPOSIT,SWIFT,N
FT900633,10020501,100205,2026-05-12,2026-05-12,38947.68,CREDIT,BANK.INT,INTEREST CREDIT,ACH,N
FT900634,10019301,100193,2026-08-03,2026-08-03,-43325.46,DEBIT,LANDLORD,UTILITY BILL,NEFT,N
FT900635,10016101,100161,2026-07-11,2026-07-11,-2081.85,DEBIT,SIP.MF,UPI PURCHASE,RTGS,N
FT900636,10012701,100127,2026-08-05,2026-08-05,-76417.95,DEBIT,10017401,RENT TRANSFER,UPI,N
FT900637,10011201,100112,2026-05-16,2026-05-16,-60069.63,DEBIT,UPI.MERCHANT,EMI PAYMENT,UPI,N
FT900638,10021901,100219,2026-07-30,2026-07-30,197115.75,CREDIT,CLIENT.A,SALARY CREDIT,NEFT,N
FT900639,10020101,100201,2026-07-02,2026-07-02,-25702.45,DEBIT,UPI.MERCHANT,EMI PAYMENT,ATM,N
FT900640,10010501,100105,2026-06-18,2026-06-18,-2022.15,DEBIT,SIP.MF,UPI PURCHASE,ACH,N
FT900641,10015601,100156,2026-06-02,2026-06-02,-13535.66,DEBIT,UTIL.CO,RENT TRANSFER,ATM,N
FT900642,10011902,100119,2026-05-24,2026-05-24,-13618.36,DEBIT,SIP.MF,UTILITY BILL,RTGS,N
FT900643,10010601,100106,2026-06-11,2026-06-11,-7989.66,DEBIT,LANDLORD,MUTUAL FUND SIP,ACH,N
FT900644,10015601,100156,2026-07-15,2026-07-15,-16284.5,DEBIT,10020403,RENT TRANSFER,IB,N
FT900645,10015103,100151,2026-06-10,2026-06-10,-75953.63,DEBIT,UPI.MERCHANT,EMI PAYMENT,ACH,N
FT900646,10020502,100205,2026-05-03,2026-05-03,-2409.62,DEBIT,UTIL.CO,RENT TRANSFER,ACH,N
FT900647,10015801,100158,2026-06-08,2026-06-08,27174.34,CREDIT,CLIENT.A,BUSINESS RECEIPT,RTGS,N
FT900648,10019201,100192,2026-06-17,2026-06-17,52457.31,CREDIT,CLIENT.A,INTEREST CREDIT,ATM,N
FT900649,10013701,100137,2026-05-06,2026-05-06,-76912.03,DEBIT,LANDLORD,EMI PAYMENT,ACH,N
FT900650,10010001,100100,2026-05-01,2026-05-01,163958.59,CREDIT,CLIENT.A,BUSINESS RECEIPT,NEFT,N
